player_id,career_avg_fp,player_name
43260,43.023809523809526,
43261,72.5,Ryan Abbott
43262,96.3249299719888,Gary Ablett
43263,52.54135338345865,Luke Ablett
43264,47.55882352941177,Nathan Ablett
43265,46.851351351351354,Cain Ackland
43266,74.63448275862069,Blake Acres
43267,59.465753424657535,Marcus Adams
43268,73.46153846153847,Leigh Adams
43269,91.33495145631068,Taylor Adams
43270,73.78873239436619,Jed Adcock
43271,51.10752688172043,Dylan Addison
43272,58.875,Paul Ahern
43273,67.7008547008547,Ben Ainsworth
43274,36.86666666666667,Brayden Ainsworth
43275,68.36196319018404,James Aish
43276,49.25,
43277,57.961832061068705,Aliir Aliir
43278,48.6,Marcus Allan
43279,48.75,Jackson Allen
43280,24.75,
43281,58.58536585365854,Oscar Allen
43282,58.1,Jacob Allison
43283,49.142857142857146,Joel Amartey
43284,51.47727272727273,Patrick Ambrose
43285,78.27586206896552,Karl Amon
43286,48.2,Jye Amiss
43287,45.94117647058823,Joe Anderson
43288,72.12121212121212,Jed Anderson
43289,86.35802469135803,Noah Anderson
43290,57.39784946236559,Harris Andrews
43291,48.80952380952381,Mac Andrew
43292,45.75,
43293,37.1875,Ryan Angwin
43294,55.07843137254902,John Anthony
43295,53.58181818181818,Noah Answerth
43296,83.06896551724138,Liam Anthony
43297,45.083333333333336,Michael Apeness
43298,45.27272727272727,Flynn Appleby
43299,43.0,
43300,37.25,Jackson Archer
43301,53.6551724137931,Dennis Armfield
43302,81.2603550295858,David Armitage
43303,58.31428571428572,Tony Armstrong
43304,54.55696202531646,Steven Armstrong
43305,51.111111111111114,Matt Arnot
43306,40.666666666666664,Jason Ashby
43307,82.88888888888889,
43308,69.71951219512195,Lachie Ash
43309,54.36129032258064,David Astbury
43310,55.0,Jarrod Atkinson
43311,69.58518518518518,Rory Atkins
43312,66.16190476190476,Tom Atkins
43313,48.0,Joe Atley
43314,61.93162393162393,Shaun Atley
43315,34.52,Jayden Attard
43316,50.0,Logan Austin
43317,37.59090909090909,Mark Austin
43318,44.8,Matt Austin
43319,35.333333333333336,
43320,68.19402985074628,Mark Baguley
43321,57.95348837209303,Max Bailey
43322,64.83050847457628,Zac Bailey
43323,62.38028169014085,Rohan Bail
43324,42.71739130434783,John Baird
43325,41.0,
43326,66.25454545454545,Liam Baker
43327,54.96969696969697,Oskar Baker
43328,38.375,Kaine Baldwin
43329,60.0,
43330,64.91812865497076,Hayden Ballantyne
43331,53.654545454545456,Charlie Ballard
43332,16.0,
43333,21.666666666666668,Connor Ballenden
43334,87.42152466367713,Luke Ball
43335,50.88235294117647,Matthew Ball
43336,53.529411764705884,Noah Balta
43337,46.88,Bailey Banfield
43338,54.075471698113205,
43339,51.666666666666664,Sam Banks
43340,66.47368421052632,Mitchell Banner
43341,46.417910447761194,Jordan Bannister
43342,65.71428571428571,Jaxson Barham
43343,60.470588235294116,Ed Barlow
43344,99.57446808510639,Michael Barlow
43345,9.0,Harry Barnett
43346,56.63636363636363,Tom Barrass
43347,61.65217391304348,Jake Barrett
43348,40.7,
43349,95.3672131147541,Jimmy Bartel
43350,58.70873786407767,Clint Bartram
43351,73.0670731707317,Ryan Bastinac
43352,50.92857142857143,Jake Batchelor
43353,72.61764705882354,Matthew Bate
43354,61.16,Josh Battle
43355,23.75,Jacob Bauer
43356,35.9,Rhett Bazzo
43357,53.574074074074076,Claye Beams
43358,98.01129943502825,Dayne Beams
43359,41.833333333333336,
43360,31.846153846153847,Callan Beasy
43361,41.5,
43362,43.0,Toby Bedford
43363,53.0,
43364,39.0,
43365,43.666666666666664,
43366,47.63333333333333,Colm Begley
43367,48.23529411764706,Josh Begley
43368,52.878787878787875,Daniel Bell
43369,68.47058823529412,
43370,35.67857142857143,James Bell
43371,71.72222222222223,Tom Bell
43372,46.367816091954026,Jamie Bennell
43373,79.94318181818181,Harley Bennell
43374,70.98529411764706,Adam Bentick
43375,51.46153846153846,Greg Bentley
43376,41.69230769230769,Miller Bergman
43377,61.666666666666664,Miles Bergman
43378,44.75,
43379,73.45365853658537,
43380,71.25563909774436,Jarrod Berry
43381,62.56410256410256,Sam Berry
43382,24.5,Tom Berry
43383,62.83714285714286,Eddie Betts
43384,54.310077519379846,Paul Bevan
43385,60.737864077669904,Rohan Bewick
43386,54.56,Brett Bewley
43387,47.45783132530121,Jed Bews
43388,50.56521739130435,Trent Bianco
43389,73.52380952380952,Shane Biggs
43390,83.19354838709677,Jack Billings
43392,78.54703832752614,Grant Birchall
43393,68.92356687898089,Craig Bird
43394,54.29577464788732,Shane Birss
43395,56.56521739130435,Luke Blackwell
43396,67.0,
43397,59.49122807017544,Aaron Black
43398,69.65605095541402,Jarryd Blair
43399,72.17948717948718,Connor Blakely
43400,60.666666666666664,
43401,50.63636363636363,Mark Blake
43402,46.1764705882353,Sam Blease
43403,26.041666666666668,James Blanck
43404,32.166666666666664,Nathan Blee
43405,73.89430894308943,Mark Blicavs
43406,89.11781609195403,Travis Boak
43407,69.48571428571428,Nathan Bock
43408,36.888888888888886,Jace Bode
43409,58.16,Blaine Boekhorst
43410,63.18834080717489,
43411,37.0,Justin Bollenhagen
43412,70.05309734513274,Shai Bolton
43413,39.470588235294116,Aiden Bonar
43414,97.93981481481481,Marcus Bontempelli
43415,63.354838709677416,Riley Bonner
43416,37.857142857142854,Josh Bootsma
43417,39.0,James Borlase
43418,36.4,Atu Bosenavulagi
43419,45.875,Andrew Boston
43420,19.0,
43421,48.666666666666664,Jordon Bourke
43422,63.32,Patrick Bowden
43423,60.34285714285714,Paul Bower
43424,65.68,Jack Bowes
43425,61.42553191489362,Jake Bowey
43426,30.5,
43427,48.25,Jordan Boyd
43428,93.25342465753425,Matthew Boyd
43429,56.31147540983606,Tom Boyd
43430,46.193548387096776,Tim Boyle
43431,43.666666666666664,
43432,60.38461538461539,Kepler Bradley
43433,7.0,
43435,63.46666666666667,Lachlan Bramble
43436,54.81481481481482,Jarrod Brander
43437,53.625,Kaiden Brand
43438,80.76047904191617,Angus Brayshaw
43439,91.90243902439025,Andrew Brayshaw
43440,22.0,
43441,46.642857142857146,Jacob Brennan
43442,72.8092485549133,Jared Brennan
43443,47.142857142857146,Luke Brennan
43444,70.31316725978648,Luke Breust
43445,80.34615384615384,Kieren Briggs
43446,72.6842105263158,Matthew Broadbent
43447,35.225,Troy Broadbridge
43448,56.833333333333336,Nathan Broad
43449,47.73076923076923,Tyler Brockman
43450,63.43523316062176,Dean Brogan
43451,79.35185185185185,Will Brodie
43452,27.2,Barry Brooks
43453,59.733333333333334,Keegan Brooksby
43454,56.270270270270274,Tim Broomhead
43455,77.11818181818182,Greg Broughton
43456,43.916666666666664,Andrew Browne
43457,41.72727272727273,Alex Browne
43458,45.13793103448276,Andrew Browne
43459,52.869565217391305,Steven Browne
43460,61.55621301775148,Ben Brown
43461,46.793103448275865,Callum Brown
43462,56.142857142857146,
43463,61.69268292682927,Campbell Brown
43464,55.46031746031746,Luke Brown
43465,43.90425531914894,Mitch Brown
43466,62.0253164556962,Mitch Brown
43467,35.26775956284153,Nathan Brown
43468,62.0,Tom Brown
43469,35.25,Tyler Brown
43470,56.49693251533742,Josh Bruce
43471,54.142857142857146,Tanner Bruhn
43472,2.5,
43473,55.47826086956522,Chris Bryan
43474,52.285714285714285,Nick Bryan
43475,64.29850746268657,Amon Buchanan
43476,54.26829268292683,Dylan Buckley
43477,54.69767441860465,Jack Buckley
43478,40.5,
43479,65.40425531914893,Simon Buckley
43480,50.32142857142857,Connor Budarick
43481,63.9375,Tomas Bugg
43482,41.97727272727273,Marcus Bullen
43483,19.0,Jack Buller
43484,48.08955223880597,Matt Buntine
43485,56.714285714285715,George Burbury
43486,45.388888888888886,Chris Burgess
43487,46.23076923076923,Jase Burgoyne
43488,73.32678132678133,Shaun Burgoyne
43489,70.28776978417267,Ryan Burton
43490,46.83870967741935,John Butcher
43491,47.25,Louis Butler
43492,55.89922480620155,Dan Butler
43493,65.67469879518072,
43494,41.11764705882353,Sam Butler
43495,77.88172043010752,Zak Butters
43496,37.8,Jordon Butts
43497,45.0,Wylie Buzza
43498,70.05780346820809,Darcy Byrne-Jones
43499,54.291666666666664,Ryan Byrnes
43500,65.96946564885496,Shannon Byrnes
43501,59.09090909090909,Ciaran Byrne
43502,43.86363636363637,Jack Bytel
43503,65.64285714285714,
43504,71.48275862068965,Josh Caddy
43505,24.5,Aaron Cadman
43506,24.833333333333332,Ned Cahill
43507,70.27272727272727,Jye Caldwell
43508,69.38461538461539,Finn Callaghan
43509,46.411764705882355,Tim Callan
43510,57.6875,Ian Callinan
43511,36.333333333333336,
43512,62.886138613861384,Charlie Cameron
43513,40.43478260869565,Clay Cameron
43514,72.77777777777777,Darcy Cameron
43515,38.75,Jarrod Cameron
43516,71.52173913043478,Jeremy Cameron
43517,37.53846153846154,Adam Campbell
43518,48.22222222222222,Anthony Caminiti
43519,52.979166666666664,Braeden Campbell
43520,39.54545454545455,Blake Campbell
43521,41.0,Bryce Campbell
43522,48.91463414634146,Matt Campbell
43523,50.0948275862069,Robert Campbell
43525,58.30357142857143,Tom Campbell
43526,48.29940119760479,Alipate Carlile
43527,63.00662251655629,Jake Carlisle
43528,41.5,Josh Carmichael
43529,83.20103092783505,Andrew Carrazzo
43530,46.0,Jack Carroll
43531,52.28169014084507,Nathan Carroll
43532,50.857142857142854,Adam Carter
43533,38.5,
43534,28.22222222222222,Tristan Cartledge
43535,55.8974358974359,Levi Casboult
43536,56.656716417910445,Jason Castagna
43537,71.45175438596492,Domenic Cassisi
43538,36.25,Ben Cavarra
43539,68.28181818181818,Jonathon Ceglar
43540,76.14655172413794,Adam Cerra
43541,43.06060606060606,Kade Chandler
43542,28.113636363636363,Paul Chambers
43543,63.23255813953488,Troy Chaplin
43544,66.0,Heath Chapman
43545,58.98449612403101,Jamie Charman
43546,53.37931034482759,
43547,49.82905982905983,
43548,55.411764705882355,Kyle Cheney
43549,42.5,Campbell Chesser
43550,50.24590163934426,Mabior Chol
43551,75.3984962406015,Allen Christensen
43552,10.0,
43553,45.63157894736842,Alex Cincotta
43555,56.291666666666664,
43556,43.44642857142857,Justin Clarke
43557,40.1875,Judson Clarke
43558,67.02739726027397,Martin Clarke
43559,55.694117647058825,Raphael Clarke
43560,54.18556701030928,Ryan Clarke
43561,59.625,Tim Clarke
43562,51.75471698113208,Xavier Clarke
43563,65.66363636363636,Zac Clarke
43564,66.20689655172414,Hunter Clark
43565,44.95238095238095,Greg Clark
43566,36.0,Jhye Clark
43567,68.79746835443038,Jordan Clark
43568,24.0,
43569,70.82075471698113,Mitch Clark
43570,35.75,Jeremy Clayton
43571,30.2,
43572,32.5,
43573,31.4,Luke Cleary
43574,47.0,
43575,69.75,
43576,18.0,Ted Clohesy
43578,61.689655172413794,Cameron Cloke
43579,50.578947368421055,Jason Cloke
43580,76.34765625,Travis Cloke
43581,59.80263157894737,Brad Close
43582,43.148148148148145,Michael Close
43583,43.5,
43584,49.79032258064516,Tom Clurey
43585,60.0,Michael Coad
43586,46.204081632653065,
43587,58.714285714285715,
43588,31.5,
43589,60.53846153846154,Nick Coffield
43590,53.92857142857143,Callum Coleman-Jones
43591,62.84375,Keidean Coleman
43592,43.96825396825397,Richard Cole
43593,53.72222222222222,Tom Cole
43594,29.0,
43596,38.0,Brant Colledge
43597,54.0,Riley Collier-Dawkins
43598,45.148148148148145,Tom Collier
43599,67.72222222222223,Andrew Collins
43600,22.0,
43601,52.61538461538461,Sam Collins
43602,59.082191780821915,Travis Colyer
43603,58.6875,Sam Colquhoun
43604,39.55555555555556,Charlie Comben
43605,68.18,Reece Conca
43606,93.7871287128713,Stephen Coniglio
43607,43.285714285714285,
43608,70.96551724137932,Daniel Connors
43609,65.0,Charlie Constable
43610,48.0,Toby Conway
43611,48.07142857142857,Myke Cook
43612,44.083333333333336,Brayden Cook
43613,56.357142857142854,Ryan Cook
43614,82.06,Adam Cooney
43615,44.65034965034965,Robert Copeland
43616,47.0,
43617,43.73170731707317,
43618,42.74074074074074,Ayce Cordy
43619,43.46212121212121,Zaine Cordy
43620,48.64,Aaron Cornelius
43621,89.20333333333333,Kane Cornes
43622,56.75,Anthony Corrie
43623,47.381294964028775,Aidan Corr
43624,84.58169934640523,Trent Cotchin
43625,56.092592592592595,Matthew Cottrell
43626,47.333333333333336,
43627,79.16304347826087,Mark Coughlan
43628,33.25,Matthew Coulthard
43629,67.8,James Cousins
43630,56.0625,Josh Cowan
43631,40.857142857142854,Lachlan Cowan
43632,57.754901960784316,Brennan Cox
43633,44.84615384615385,Cedric Cox
43634,88.24137931034483,Dean Cox
43635,55.29203539823009,Mason Cox
43636,49.303030303030305,Nik Cox
43637,61.72,Shannon Cox
43638,67.19417475728156,Stewart Crameri
43639,47.388888888888886,Jesse Crichton
43640,67.83333333333333,Jamie Cripps
43641,87.47787610619469,Jack Crisp
43642,92.78688524590164,Patrick Cripps
43643,46.36363636363637,Ben Crocker
43644,46.8,
43645,89.34538152610442,Daniel Cross
43646,97.56875,Brad Crouch
43647,93.93706293706293,Matt Crouch
43648,42.26190476190476,
43649,62.10204081632653,Ryan Crowley
43650,13.0,
43651,63.49295774647887,Hayden Crozier
43652,52.77777777777778,Jai Culley
43653,47.72222222222222,Noah Cumberland
43654,76.34666666666666,Isaac Cumming
43655,70.13333333333334,Jordan Cunico
43656,56.0,David Cuningham
43657,62.38918918918919,Harry Cunningham
43658,79.16806722689076,Ben Cunnington
43659,72.64545454545454,Charlie Curnow
43660,82.46153846153847,Ed Curnow
43661,55.48,Tom Curren
43662,66.4,Daniel Currie
43664,47.02777777777778,Paul Curtis
43665,66.91666666666667,Tom Cutler
43666,75.39555555555556,Luke Dahlhaus
43667,76.29126213592232,Josh Daicos
43668,97.42553191489361,Nick Daicos
43669,71.44274809160305,Bailey Dale
43670,22.0,
43671,55.333333333333336,
43672,75.90697674418605,Bradd Dalziell
43673,44.9375,Massimo DAmbrosio
43674,91.86292834890966,Patrick Dangerfield
43675,57.829268292682926,Brent Daniels
43676,81.32954545454545,Caleb Daniel
43677,39.666666666666664,Darcy Daniher
43678,67.85875706214689,Joe Daniher
43679,42.285714285714285,
43680,80.81632653061224,Sean Darcy
43681,56.35,Sam Darley
43682,68.4187725631769,Jack Darling
43683,69.07142857142857,Jason Davenport
43684,65.80337078651685,Aaron Davey
43685,60.55,Alwyn Davey
43686,35.8,Alwyn Davey
43687,76.32941176470588,Luke Davies-Uniacke
43688,22.0,
43689,48.76,Alex Davies
43690,58.07142857142857,Ben Davies
43691,9.666666666666666,James Davies
43692,37.48780487804878,Justin Davies
43693,35.11764705882353,Marcus Davies
43694,21.636363636363637,Ben Davis
43695,53.833333333333336,Phil Davis
43696,54.91428571428571,Ryan Davis
43697,33.5,
43698,62.21487603305785,Chris Dawes
43699,65.44444444444444,Jacob Dawson
43700,90.77064220183486,Jordan Dawson
43701,54.6,Kallan Dawson
43702,43.333333333333336,Liam Dawson
43703,38.04216867469879,Zac Dawson
43704,57.351851851851855,Majak Daw
43705,44.5,
43706,48.526666666666664,Sam Day
43707,74.75925925925925,Will Day
43710,56.385714285714286,
43711,59.166666666666664,Cameron Delaney
43712,40.19047619047619,Luke Delaney
43713,87.88,Brett Deledio
43714,45.3125,Cory DellOlio
43715,50.6,
43716,27.0,Fabian Deluca
43717,31.857142857142858,Oliver Dempsey
43718,64.6842105263158,Courtenay Dempsey
43719,57.2027027027027,Sean Dempster
43720,47.93103448275862,Trent Dennis-Lane
43721,49.8,Tom Derickx
43722,44.42307692307692,Angus Dewar
43724,62.93859649122807,Tory Dickson
43725,51.888888888888886,Brad Dick
43726,47.666666666666664,
43727,71.04587155963303,Alan Didak
43728,63.935960591133004,Charlie Dixon
43729,42.18181818181818,
43730,51.0,Nathan Djerrkura
43731,93.11377245508982,Sam Docherty
43732,62.84146341463415,Tom Doedee
43733,59.00990099009901,Steven Dodd
43734,49.55555555555556,Jordan Doering
43735,75.41056910569105,Richard Douglas
43736,58.4375,Beau Dowler
43737,18.0,
43738,51.55555555555556,Tom Downie
43739,50.986301369863014,Paddy Dow
43740,45.94117647058823,Thomson Dow
43742,60.473684210526315,Sam Draper
43743,73.39506172839506,Willem Drew
43744,69.06382978723404,Josh Drummond
43745,49.0,Nathan Drummond
43746,58.09090909090909,Marcus Drum
43747,26.25,Blake Drury
43748,77.35672514619883,Paul Duffield
43749,30.333333333333332,Max Duffy
43750,59.41860465116279,Nick Duigan
43751,71.37974683544304,Liam Duggan
43752,57.86666666666667,Taylin Duman
43753,92.27737226277372,Mitch Duncan
43754,75.96694214876032,Trent Dumont
43755,41.333333333333336,Sam Dunell
43756,96.21428571428571,Josh Dunkley
43757,49.0,
43758,62.9040404040404,Lynden Dunn
43759,20.5,Ryley Dunn
43760,78.3801652892562,Luke Dunstan
43761,43.23529411764706,Corey Durdin
43762,59.285714285714285,Sam Durham
43763,38.08695652173913,Sam Durdin
43764,64.85416666666667,Taylor Duryea
43765,66.64383561643835,Xavier Duursma
43767,60.56410256410256,Sam Dwyer
43768,31.0,
43769,58.86842105263158,Ricky Dyson
43770,33.0,
43771,23.833333333333332,Matt Eagles
43772,86.85384615384615,
43773,61.18674698795181,Brett Ebert
43774,25.5,
43775,40.0,
43776,54.09090909090909,Robert Eddy
43777,41.285714285714285,
43778,63.0,Aaron Edwards
43779,45.666666666666664,Harry Edwards
43780,54.0,
43781,46.64,Luke Edwards
43782,63.386138613861384,Shane Edwards
43783,48.958333333333336,Shaun Edwards
43784,54.925925925925924,Chris Egan
43785,47.666666666666664,Derek Eggmolesse-Smith
43786,39.88135593220339,Matthew Egan
43787,66.76190476190476,David Ellard
43788,69.72067039106145,Jamie Elliott
43789,71.20833333333333,Cam Ellis-Yolmen
43790,82.53441295546558,Brandon Ellis
43791,50.67741935483871,Corey Ellis
43792,65.85,Xavier Ellis
43793,38.6,Todd Elton
43794,71.5,Tom Emmett
43795,87.83333333333333,Tim English
43796,80.98192771084338,Corey Enright
43797,50.21052631578947,Neil Erasmus
43798,44.0,Billy Evans
43799,34.94117647058823,Francis Evans
43800,63.3125,Michael Evans
43801,61.12213740458015,Andrejs Everitt
43802,38.0,
43803,33.714285714285715,
43804,44.357142857142854,David Fanning
43805,63.43434343434343,Orazio Fantasia
43806,48.83870967741935,Mitch Farmer
43807,49.1764705882353,Jy Farrar
43808,56.070422535211264,Kane Farrell
43809,65.75961538461539,Alex Fasolo
43810,32.27777777777778,Cameron Faulkner
43811,32.0,Peter Faulks
43812,-6.0,
43813,35.0,Matthew Ferguson
43814,34.48936170212766,Ryan Ferguson
43815,53.0,
43816,62.71296296296296,Jeremy Finlayson
43817,83.65591397849462,Brayden Fiorini
43818,56.905454545454546,Michael Firrito
43819,61.323232323232325,Brad Fisher
43820,55.6,Leigh Fisher
43821,77.32456140350877,Sam Fisher
43822,62.18691588785047,Zac Fisher
43823,51.69230769230769,Jack Fitzpatrick
43824,27.0,
43825,61.27272727272727,Sam Flanders
43826,36.0,
43827,52.42857142857143,Jaspa Fletcher
43828,46.35294117647059,Tim Fleming
43829,65.3169014084507,Oliver Florent
43830,83.0,
43831,70.45454545454545,Matt Flynn
43832,50.53164556962025,Darcy Fogarty
43833,58.07272727272727,Lachie Fogarty
43834,30.923076923076923,
43835,53.78125,Luke Foley
43836,74.25974025974025,Nathan Foley
43837,35.0,
43838,42.5,Jordan Foote
43839,48.59090909090909,Eddie Ford
43840,37.67741935483871,Robert Forster-Knight
43841,37.0,
43842,54.27272727272727,Darcy Fort
43843,51.888888888888886,Andrew Foster
43844,49.525,Billy Frampton
43845,51.689655172413794,Robbie Fox
43846,48.30434782608695,Aaron Francis
43847,82.21751412429379,Lance Franklin
43848,30.214285714285715,Martin Frederick
43849,58.385892116182575,James Frawley
43850,51.63793103448276,Michael Frederick
43851,34.857142857142854,Jonathan Freeman
43852,62.5,
43854,37.55357142857143,Jack Frost
43855,65.34126984126983,Bayley Fritsch
43856,50.21383647798742,Sam Frost
43857,37.63157894736842,Tom Fullarton
43858,91.22018348623853,Nat Fyfe
43859,90.64727272727272,Andrew Gaff
43861,48.026315789473685,James Gallagher
43862,54.111111111111114,Jordan Gallucci
43863,59.114285714285714,Ryan Gamble
43865,39.68421052631579,
43866,49.62658227848101,Darcy Gardiner
43867,47.698412698412696,Charlie Gardiner
43868,37.35849056603774,Ryan Gardner
43869,58.86524822695036,Colin Garland
43870,51.3,Jarrod Garlett
43871,59.84375,Cruize Garlett
43872,63.832432432432434,Jeff Garlett
43873,47.5,
43874,58.87755102040816,Taylor Garner
43875,41.5,Ryan Garthwaite
43876,39.892857142857146,Travis Gaspar
43877,39.333333333333336,Corey Gault
43878,97.2512315270936,Max Gawn
43879,62.35265700483092,Jarryn Geary
43880,39.857142857142854,
43881,53.285714285714285,Mitch Georgiades
43882,61.808510638297875,Michael Gibbons
43883,77.74716981132076,Daniel Giansiracusa
43884,94.25,Bryce Gibbs
43885,39.111111111111114,Josh Gibcus
43886,84.8,Sam Gibson
43887,66.33333333333333,Josh Gibson
43888,72.16990291262135,Lindsay Gilbee
43889,69.1826923076923,Sam Gilbert
43890,70.25396825396825,Jonathan Giles
43891,53.37719298245614,Stephen Gilham
43892,39.833333333333336,Jacob Gillbee
43893,38.8,Tom Gillies
43894,61.64705882352941,Nick Gill
43895,63.30232558139535,Daniel Gilmore
43896,57.94117647058823,
43897,47.285714285714285,Jack Ginnivan
43898,52.2,Stefan Giro
43899,50.285714285714285,Conor Glass
43900,56.577319587628864,Martin Gleeson
43901,50.4,
43902,57.09090909090909,Josh Goater
43903,90.74251497005989,Brendon Goddard
43904,33.916666666666664,Hugh Goddard
43905,77.46835443037975,
43906,65.82142857142857,Mitch Golby
43907,52.806060606060605,Tyson Goldsack
43908,85.36825396825397,Todd Goldstein
43909,32.166666666666664,Tim Golds
43910,44.5,Lachlan Gollant
43911,66.81818181818181,Brett Goodes
43912,35.0,
43913,49.391304347826086,Nathan Gordon
43914,49.88461538461539,Daniel Gorringe
43915,28.0,
43916,51.5,David Gourdis
43917,51.333333333333336,Billy Gowers
43918,64.22916666666667,Angus Graham
43919,36.21621621621622,Caleb Graham
43920,69.37606837606837,Jack Graham
43921,51.54054054054054,Jaymie Graham
43922,70.5,Nick Graham
43924,32.42857142857143,Denver Grainger-Barras
43925,77.43589743589743,Jason Gram
43926,61.65263157894737,Jarrad Grant
43927,78.380073800738,
43928,73.67961165048544,Sam Gray
43929,50.9,Damon Greaves
43930,45.5625,
43931,55.11904761904762,Steven Greene
43932,86.3906976744186,Toby Greene
43933,76.27118644067797,Hugh Greenwood
43934,70.55625,Levi Greenwood
43935,54.87619047619047,Josh Green
43936,85.67164179104478,Tom Green
43937,53.64102564102564,Cory Gregson
43938,72.30882352941177,Jade Gresham
43939,51.23809523809524,Brady Grey
43940,81.2023346303502,Ryan Griffen
43941,59.43298969072165,Jonathon Griffin
43942,50.36507936507937,Ben Griffiths
43943,63.5,Mitch Grigg
43944,82.92990654205607,Shaun Grigg
43945,35.333333333333336,Blake Grima
43946,65.80681818181819,Nathan Grima
43947,48.2882096069869,Dylan Grimes
43948,81.02,Jack Grimes
43949,51.142857142857146,
43950,98.26804123711341,Brodie Grundy
43951,62.70703125,Heath Grundy
43952,54.59375,Matt Guelfi
43953,90.28358208955224,Errol Gulden
43954,53.628571428571426,Scott Gumbleton
43955,75.66115702479338,Jack Gunston
43956,76.59745762711864,Cameron Guthrie
43957,60.05194805194805,Zach Guthrie
43958,63.51315789473684,
43959,74.05263157894737,Jordan Gysberts
43960,45.706896551724135,Robert Haddrill
43961,61.196969696969695,Richard Hadley
43962,53.0625,Daniel Haines
43963,63.23628691983122,David Hale
43964,73.03846153846153,Mitch Hallahan
43965,82.04347826086956,Aaron Hall
43966,28.0,
43967,10.0,
43968,0.0,
43969,36.142857142857146,Josh Hall
43970,34.333333333333336,
43971,36.18421052631579,Will Hamill
43972,44.625,Cooper Hamilton
43973,48.15384615384615,Joel Hamling
43974,33.333333333333336,Matthew Hammelmann
43975,55.07142857142857,Shaun Hampson
43976,59.92063492063492,Curtly Hampton
43977,47.23076923076923,Will Hams
43978,53.717948717948715,Ashton Hams
43979,39.75555555555555,Brayden Ham
43980,51.0875,Mitch Hannan
43981,79.90532544378698,Pearce Hanley
43982,86.74778761061947,Dan Hannebery
43983,41.4,Jack Hannath
43984,61.82051282051282,Ashley Hansen
43985,44.10344827586207,Oliver Hanrahan
43986,61.741721854304636,Lachlan Hansen
43987,19.0,Robert Hansen
43988,72.59160305343511,Jarrod Harbrow
43990,54.53846153846154,Kyle Hardingham
43991,55.269503546099294,Leigh Harding
43992,44.4,Scott Harding
43993,68.5374149659864,Blake Hardwick
43994,63.41871921182266,Ryan Hargrave
43995,47.95,Kieran Harper
43996,71.9407894736842,James Harmes
43997,39.5,Harvey Harrison
43998,66.4125,Daniel Harris
43999,51.1025641025641,
44000,43.6,Brent Hartigan
44001,44.68888888888889,Kyle Hartigan
44002,78.78238341968913,Hamish Hartlett
44003,35.63636363636363,Adam Hartlett
44004,52.02040816326531,Michael Hartley
44005,33.0,
44006,66.64473684210526,Billy Hartung
44007,44.666666666666664,Cooper Harvey
44008,38.5,Shane Harvey
44009,58.864197530864196,Ryan Harwood
44011,64.71428571428571,Jackson Hately
44012,70.46974063400576,Tom Hawkins
44013,57.34375,James Hawksley
44014,56.8984375,Roger Hayden
44015,37.11764705882353,Kyron Hayden
44016,58.0,Jack Hayes
44017,54.0,Sam Hayes
44018,57.84615384615385,Will Hayes
44019,67.63054187192118,Nick Haynes
44020,58.36496350364963,
44021,33.8,
44022,48.666666666666664,Josh Head
44023,53.857142857142854,
44024,49.8,Kurt Heatherley
44025,82.88700564971751,Isaac Heeney
44026,39.125,Brad Helbig
44027,75.35220125786164,Ricky Henderson
44028,61.59708737864078,Lachie Henderson
44029,52.23255813953488,Liam Henry
44030,51.779661016949156,Jack Henry
44031,49.723404255319146,Oliver Henry
44032,55.11267605633803,Trent Hentschel
44033,92.82127659574468,Dyson Heppell
44034,20.333333333333332,
44035,39.61538461538461,Jacob Heron
44036,46.285714285714285,Elijah Hewett
44037,71.14649681528662,George Hewett
44038,27.666666666666668,
44039,70.42131979695432,Michael Hibberd
44040,48.0,
44041,68.19867549668874,Tom Hickey
44042,63.65686274509804,Jack Higgins
44043,32.333333333333336,
44044,79.66538461538461,Shaun Higgins
44045,56.6875,Tom Highmore
44046,69.26395939086295,David Hille
44047,24.0,
44048,48.784615384615385,Bobby Hill
44049,73.931330472103,Bradley Hill
44050,63.73988439306358,Josh Hill
44051,72.48165137614679,
44052,20.0,
44053,50.58536585365854,Elliott Himmelberg
44054,62.25,Harry Himmelberg
44055,69.325,Nick Hind
44056,44.0,Taylor Hine
44057,36.0,
44058,67.25581395348837,Mitch Hinge
44059,47.68181818181818,Clayton Hinkley
44060,53.95424836601307,Eric Hipwood
44061,33.0,
44062,45.25925925925926,Tom Hislop
44063,48.65714285714286,Cameron Hitchcock
44064,67.25714285714285,Ben Hobbs
44065,70.46825396825396,Heath Hocking
44066,88.26011560693641,Luke Hodge
44067,74.73571428571428,Jesse Hogan
44068,59.09090909090909,Simon Hogan
44069,59.0,Elijah Hollands
44070,55.94736842105263,Oliver Hollands
44071,57.46363636363636,Nick Holman
44072,44.8,Jason Holmes
44073,63.333333333333336,Max Holmes
44074,52.14655172413793,Jack Hombsch
44075,61.57142857142857,Mitch Honeychurch
44076,33.705882352941174,Josh Honey
44077,66.65753424657534,Cale Hooker
44078,37.0,Andrew Hooper
44079,53.425925925925924,Rhan Hooper
44080,79.65384615384616,Jacob Hopper
44081,61.857142857142854,Marty Hore
44082,58.98275862068966,
44083,65.4390243902439,Jason Horne-Francis
44084,71.92857142857143,Kyal Horsley
44085,34.2,
44086,63.911764705882355,Will Hoskin-Elliott
44087,65.4,Tim Houlihan
44088,56.13333333333333,Brady Hough
44089,83.69396551724138,Bachar Houli
44090,81.02739726027397,Dan Houston
44091,16.0,
44092,52.85,Christian Howard
44093,51.541666666666664,Dougal Howard
44094,63.142857142857146,Cameron Howat
44096,68.17757009345794,Daniel Howe
44097,73.79399141630901,Jeremy Howe
44098,63.42028985507246,Nathan Hrovat
44099,77.66129032258064,Ben Howlett
44100,62.791666666666664,Ben Hudson
44101,68.5,
44102,40.5625,Cleve Hughes
44103,56.94059405940594,Ethan Hughes
44104,30.47826086956522,Jeremy Humm
44105,51.31578947368421,Bailey Humphrey
44106,9.0,
44107,86.75634517766497,Lachie Hunter
44108,47.142857142857146,
44109,58.11678832116788,Jayden Hunt
44110,59.721698113207545,Josh Hunt
44111,41.77272727272727,Karmichael Hunt
44112,30.0,Sam Hunt
44113,61.7047619047619,
44114,73.63917525773196,Michael Hurley
44115,73.64864864864865,Shannon Hurn
44116,62.5,Henry Hustwaite
44117,30.0,
44118,65.875,Mark Hutchings
44119,40.0,Jack Hutchins
44120,56.96774193548387,Chris Hyde
44121,34.5,Adam Iacobucci
44122,68.81920903954803,Garrick Ibbotson
44123,58.30882352941177,Connor Idun
44124,71.84848484848484,Sam Iles
44125,63.61046511627907,Jarman Impey
44126,47.666666666666664,
44127,73.98717948717949,Daniel Jackson
44128,69.37333333333333,Luke Jackson
44129,62.55555555555556,Ryan Jackson
44130,42.57142857142857,Brandon Jack
44131,44.0,
44132,81.78125,Kieren Jack
44133,58.82222222222222,Ben Jacobs
44134,86.03365384615384,Sam Jacobs
44135,71.05405405405405,Matthew Jaensch
44136,40.714285714285715,Kristian Jaksch
44137,56.1875,Mark Jamar
44138,40.23076923076923,Callum Jamieson
44139,45.013333333333335,Michael Jamison
44140,56.875,Jarrad Jansen
44141,27.0,
44142,47.0,Joel Jeffrey
44143,36.42857142857143,Emerson Jeka
44144,71.32214765100672,
44145,45.63636363636363,Luke Jericho
44146,57.98924731182796,Leroy Jetta
44147,64.18811881188118,Lewis Jetta
44148,52.855345911949684,Neville Jetta
44149,62.82222222222222,Changkuoth Jiath
44150,69.3048128342246,Jason Johannisen
44151,70.27312775330397,Graham Johncock
44152,57.212765957446805,Alex Johnson
44153,43.18181818181818,Aidyn Johnson
44154,46.833333333333336,Ash Johnson
44155,35.142857142857146,Blaine Johnson
44156,60.82608695652174,Chris Johnson
44157,48.848101265822784,David Johnson
44158,56.72222222222222,Matthew Johnson
44159,70.6311475409836,Michael Johnson
44160,53.77142857142857,Paul Johnson
44161,88.18771331058021,Steve Johnson
44162,17.0,
44164,59.2,Lewis Johnston
44165,44.0,Lloyd Johnston
44166,41.23809523809524,Courtney Johns
44167,58.0,
44168,45.5,
44169,63.54852320675106,Darren Jolly
44170,56.166666666666664,
44171,54.74074074074074,Tom Jonas
44172,33.69230769230769,Arthur Jones
44173,56.22549019607843,Brett Jones
44174,36.0,Chad Jones
44175,48.81578947368421,
44176,75.51677852348993,Clinton Jones
44177,68.64331210191082,Corey Jones
44179,36.0,
44180,42.516129032258064,Harry Jones
44181,54.472727272727276,Jamaine Jones
44182,39.5,
44183,43.857142857142854,Lachie Jones
44184,48.279329608938546,Liam Jones
44185,69.32786885245902,Matt Jones
44186,80.2748344370861,Nathan Jones
44187,56.166666666666664,Scott Jones
44188,68.88970588235294,Zak Jones
44189,64.06153846153846,Lin Jong
44190,61.38461538461539,James Jordon
44191,48.84931506849315,Aaron Joseph
44192,32.833333333333336,Darragh Joyce
44193,54.15625,Jesse Joyce
44194,86.35125448028674,Chris Judd
44195,64.47222222222223,Liam Jurrah
44196,40.130434782608695,Ben Kane
44197,46.68,Patrick Karnezis
44198,50.57142857142857,Malcolm Karpany
44199,45.25,Elliott Kavanagh
44200,70.66666666666667,
44201,47.9,Mark Keane
44202,52.34615384615385,Alex Keath
44203,79.06194690265487,Ben Keays
44204,42.054054054054056,Lachlan Keeffe
44205,38.0,
44206,82.20127795527156,
44207,58.87837837837838,Jake Kelly
44208,95.60606060606061,Josh Kelly
44209,88.95967741935483,Tim Kelly
44210,24.8,Will Kelly
44211,61.47826086956522,Brodie Kemp
44212,28.8,
44213,57.01307189542484,Adam Kennedy
44214,53.45,Ben Kennedy
44215,92.2551724137931,Josh Kennedy
44216,68.98976109215018,Josh Kennedy
44217,71.13829787234043,Matthew Kennedy
44218,57.076142131979694,Tadhg Kennelly
44219,56.12,Dean Kent
44220,71.97101449275362,Sam Kerridge
44221,74.46363636363637,Daniel Kerr
44222,45.5,
44223,53.13636363636363,Shane Kersten
44224,42.7,Buku Khamis
44225,44.31506849315068,Ben King
44226,31.444444444444443,David King
44227,60.76635514018692,Jake King
44228,54.12676056338028,Max King
44229,35.0,
44230,50.0,Mitch Knevitt
44231,74.65686274509804,Chris Knights
44232,50.78735632183908,Jake Kolodjashnij
44233,64.49090909090908,Riley Knight
44234,75.2875,Kade Kolodjashnij
44235,50.36363636363637,Nick Kommer
44236,59.916666666666664,
44237,47.27906976744186,
44238,48.083333333333336,Jacob Koschitzke
44239,62.135,Justin Koschitzke
44240,56.52439024390244,Nathan Krakouer
44241,56.10948905109489,Andrew Krakouer
44242,28.77777777777778,Nathan Kreuger
44243,77.67724867724868,Matthew Kreuzer
44244,67.84615384615384,Peter Ladhams
44245,57.851851851851855,Chris Ladhams
44246,64.008,Rick Ladson
44247,38.0,
44248,54.60919540229885,Jeremy Laidler
44249,96.125,Rory Laird
44250,63.98804780876494,Brian Lake
44251,74.03703703703704,Kane Lambert
44252,55.56060606060606,Jed Lamb
44253,52.0,
44254,78.1592356687898,Ed Langdon
44255,73.30337078651685,Tom Langdon
44256,46.0,Zac Langdon
44257,70.99230769230769,Kyle Langford
44258,68.26388888888889,Will Langford
44259,57.666666666666664,
44260,60.078125,Darcy Lang
44261,51.861702127659576,Nick Larkey
44262,23.6,Bailey Laurie
44263,59.42727272727273,Jayden Laverde
44264,31.766666666666666,Charlie Lazzaro
44265,45.91379310344828,Jason Laycock
44266,75.30593607305936,Mark LeCras
44267,33.5,Brent LeCras
44268,46.5,
44269,22.4,
44270,71.0,
44271,49.35294117647059,Tom Lee
44273,48.84827586206897,Sean Lemmens
44274,47.61904761904762,Ben Lennon
44275,41.142857142857146,Jack Leslie
44276,60.15,Ryan Lester
44277,70.78832116788321,Matthew Leuenberger
44278,57.25,Jake Lever
44279,89.25705329153605,Jordan Lewis
44280,59.06060606060606,Mitch Lewis
44281,85.26388888888889,Tom Liberatore
44282,22.75,
44283,64.8529411764706,Jarrod Lienert
44284,21.75,Matt Ling
44285,68.42105263157895,Patrick Lipinski
44286,60.91304347826087,Jordan Lisle
44287,29.0,
44288,30.0,Luke Livingston
44289,55.17821782178218,Daniel Lloyd
44290,89.20627802690584,Jake Lloyd
44291,64.56179775280899,Sam Lloyd
44292,45.5,David Loats
44293,77.27,Matthew Lobbe
44294,65.60625,Rory Lobb
44295,47.86363636363637,Jay Lockhart
44296,29.0,
44297,49.31645569620253,Griffin Logue
44298,62.743589743589745,Tom Logan
44299,32.0,
44300,34.391304347826086,Matthew Lokan
44301,62.19753086419753,Sam Lonergan
44302,60.833333333333336,Jesse Lonergan
44303,49.588516746411486,Tom Lonergan
44304,64.65151515151516,Billy Longer
44305,48.1063829787234,Ben Long
44306,53.2,Jake Long
44307,44.4,Ned Long
44308,46.473684210526315,Noah Long
44309,60.59615384615385,Nathan Lonie
44310,56.35632183908046,Jack Lonie
44311,0.0,
44312,53.02439024390244,Ryan Lonie
44313,37.15384615384615,Ollie Lord
44314,42.5,
44315,63.765517241379314,Nathan Lovett-Murray
44316,74.11363636363636,Andrew Lovett
44317,66.0,
44318,48.23809523809524,Ed Lower
44319,62.4,Nick Lower
44320,59.095238095238095,Kane Lucas
44321,46.67391304347826,
44322,68.09473684210526,Jack Lukosius
44323,60.74887892376682,Heritier Lumumba
44324,17.0,
44325,73.21232876712328,Scott Lycett
44326,44.333333333333336,
44327,35.5,
44328,49.90909090909091,Max Lynch
44329,69.4669603524229,Quinten Lynch
44330,80.64634146341463,
44331,69.01388888888889,Tom Lynch
44332,84.8586387434555,Jarryd Lyons
44333,65.1038961038961,Brent Macaffer
44334,52.5,Bailey Macdonald
44335,62.21951219512195,Connor Macdonald
44336,63.443548387096776,Joel Macdonald
44337,64.90322580645162,David Mackay
44338,48.642857142857146,Cam Mackenzie
44339,52.61904761904762,Eric Mackenzie
44340,77.94285714285714,Andrew Mackie
44341,66.68263473053892,Jamie Macmillan
44342,67.6842105263158,Darcy Macpherson
44343,103.10434782608695,Jack Macrae
44344,39.833333333333336,Finlay Macrae
44345,31.666666666666668,Harrison Macreadie
44346,38.30769230769231,James Madden
44347,49.63265306122449,Jack Madgen
44348,47.53125,Finn Maginness
44349,36.375,Alik Magin
44350,48.5,
44351,64.15789473684211,James Magner
44352,51.758823529411764,Matt Maguire
44353,44.45454545454545,Jack Mahony
44354,52.29545454545455,Beau Maister
44355,74.25714285714285,Nick Malceski
44357,43.25,Rhyan Mansell
44358,57.0,Caleb Marchbank
44359,79.5,
44360,49.45161290322581,Addam Maric
44361,69.73248407643312,
44362,49.3,Ryan Maric
44363,58.0,
44364,42.3448275862069,Lukas Markovic
44365,57.2972972972973,Oleg Markov
44366,93.06363636363636,Rowan Marshall
44367,56.30927835051546,Todd Marshall
44368,45.69230769230769,Jonathon Marsh
44369,48.72,Harrison Marsh
44370,59.21052631578947,Brodie Martin
44371,91.81314878892734,Dustin Martin
44372,69.50675675675676,Jack Martin
44373,61.5,Kyle Martin
44374,82.5909090909091,Nic Martin
44375,82.24630541871922,Stefan Martin
44376,28.0,
44377,76.46511627906976,Chris Masten
44378,65.94444444444444,Brandon Matera
44379,59.77777777777778,Rhys Mathieson
44380,61.53603603603604,Martin Mattner
44381,59.69711538461539,Nick Maxwell
44382,64.04132231404958,Sam Mayes
44383,72.84946236559139,Brayden Maynard
44384,70.0,Corey Maynard
44385,72.74596774193549,Chris Mayne
44386,63.949074074074076,Steven May
44387,55.0,Shane McAdam
44388,42.0,
44390,27.4,
44391,39.2,Liam McBean
44392,52.7,
44393,61.58974358974359,John McCarthy
44394,57.06293706293706,Lincoln McCarthy
44395,38.68181818181818,Matthew McCarthy
44396,35.0,
44397,49.12698412698413,Paddy McCartin
44398,45.345454545454544,Tom McCartin
44399,64.83333333333333,
44400,86.32903225806452,Hugh McCluggage
44401,39.5,Robbie McComb
44402,58.333333333333336,
44403,33.75,
44404,46.42307692307692,Jonathon McCormick
44405,46.9,Beau McCreery
44406,59.57142857142857,Anthony McDonald-Tipungwuti
44407,69.41436464088397,Luke McDonald
44408,49.90909090909091,Logan McDonald
44409,48.7906976744186,Oscar McDonald
44410,68.80952380952381,Tom McDonald
44411,42.1,Matt McDonough
44412,47.72093023255814,Andrew McDougall
44413,39.4375,Jed McEntee
44414,75.5952380952381,Ben McEvoy
44415,78.95906432748538,Ben McGlynn
44416,52.333333333333336,Patrick McGinnity
44417,54.775510204081634,Mark McGough
44418,67.73255813953489,Jeremy McGovern
44419,60.63636363636363,Mitch McGovern
44420,77.15671641791045,Andrew McGrath
44421,52.228971962616825,Ashley McGrath
44422,51.53846153846154,Cory McGrath
44423,45.0,
44424,40.5,
44425,50.044642857142854,Luke McGuane
44426,30.576923076923077,Kieran McGuinness
44427,47.65,Ned McHenry
44428,64.81944444444444,Justin McInerney
44429,68.9047619047619,Oscar McInerney
44430,48.294117647058826,Andrew McInnes
44431,26.272727272727273,Reef McInnes
44432,49.357142857142854,Fraser McInnes
44433,76.13492063492063,Hamish McIntosh
44434,61.42857142857143,Kamdyn McIntosh
44435,56.0,
44436,43.521126760563384,Ben McKay
44437,64.1588785046729,Harry McKay
44438,41.72727272727273,Niall McKeever
44439,63.20952380952381,Conor McKenna
44440,52.78378378378378,Brad McKenzie
44441,53.97260273972603,Daniel McKenzie
44442,66.15189873417721,Jordie McKenzie
44444,61.53939393939394,Trent McKenzie
44445,57.67032967032967,Shaun McKernan
44446,57.083333333333336,Ben McKinley
44447,39.42372881355932,Dylan McLaren
44448,79.15286624203821,Brock McLean
44449,57.283018867924525,Hayden McLean
44450,72.81372549019608,Toby McLean
44451,66.39189189189189,Jordan McMahon
44452,61.78225806451613,Scott McMahon
44453,25.666666666666668,Toby McMullin
44454,62.26315789473684,
44455,55.0,Tom McNamara
44456,36.666666666666664,Lachlan McNeil
44457,43.333333333333336,Ben McNiece
44458,70.60986547085201,Adam McPhee
44459,48.857142857142854,Andrew McPherson
44460,58.276595744680854,Andrew McQualter
44461,51.822857142857146,Daniel McStay
44462,46.56,Judd McVee
44463,76.96307692307693,Jarrad McVeigh
44464,40.5,Jackson Mead
44465,61.273809523809526,Paul Medhurst
44466,54.41935483870968,Lloyd Meek
44467,43.333333333333336,
44468,15.666666666666666,James Meiklejohn
44469,44.25,Lewis Melican
44470,62.41628959276018,Jake Melksham
44471,41.666666666666664,Josh Mellington
44472,67.84375,Tim Membrey
44473,52.5,Connor Menadue
44474,88.64102564102564,Sam Menegola
44475,62.4,Daniel Menzel
44476,47.81818181818182,Troy Menzel
44477,43.65217391304348,Jye Menzie
44478,41.25,Brett Meredith
44479,45.75,Daniel Merrett
44480,59.32142857142857,Jackson Merrett
44481,103.33980582524272,Zach Merrett
44482,40.23076923076923,Danny Meyer
44483,47.0,
44484,39.8,
44485,52.36363636363637,
44486,57.22727272727273,Viv Michie
44487,65.45283018867924,Gryan Miers
44488,60.53968253968254,Brody Mihocek
44489,57.1,Terry Milera
44490,66.51041666666667,Wayne Milera
44491,84.375,Anthony Miles
44492,59.916666666666664,Teia Miles
44493,59.5,
44494,44.16,Ben Miller
44495,53.93630573248408,Brad Miller
44496,45.833333333333336,Harry Miller
44497,90.72832369942196,Touk Miller
44498,84.18064516129033,Callum Mills
44499,41.125,Wayde Mills
44500,34.333333333333336,Riley Milne
44501,61.46545454545455,Stephen Milne
44502,51.15625,Darren Minchington
44503,67.58638743455498,Will Minson
44505,67.9090909090909,David Mirra
44506,60.82857142857143,Kane Mitchell
44507,42.0,
44508,92.6322188449848,Sam Mitchell
44509,62.92857142857143,Seamus Mitchell
44510,104.99492385786802,Tom Mitchell
44511,53.75,Tim Mohr
44512,16.0,
44513,60.470588235294116,Brodie Moles
44514,71.9578313253012,Brent Moloney
44515,69.67298578199052,Angus Monfries
44516,94.2404181184669,
44517,19.5,Caolan Mooney
44518,53.470588235294116,Matthew Moody
44519,57.13333333333333,Andrew Moore
44520,40.2,Callum Moore
44521,57.34,Darcy Moore
44522,80.50666666666666,Dylan Moore
44523,52.2183908045977,Kelvin Moore
44524,54.088235294117645,Jarred Moore
44525,57.095238095238095,Brad Moran
44526,55.23076923076923,Anthony Morabito
44527,49.5,
44528,27.058823529411764,Adam Morgan
44529,67.58241758241758,Harry Morrison
44530,43.56944444444444,Digby Morrell
44531,35.61538461538461,Shane Morrison
44532,51.54545454545455,Dale Morris
44533,19.866666666666667,Josh Morris
44535,45.62068965517241,Steven Morris
44536,74.59210526315789,Cale Morton
44537,68.5,Jarryd Morton
44538,64.27710843373494,Mitch Morton
44539,36.25,
44540,64.57142857142857,Garry Moss
44541,59.19230769230769,Daniel Motlop
44542,44.03030303030303,Jesse Motlop
44543,49.4,Marlon Motlop
44544,68.59447004608295,Steven Motlop
44545,42.68421052631579,
44546,58.357142857142854,
44547,54.0,
44548,63.56122448979592,Aaron Mullett
44549,18.666666666666668,
44550,31.0,
44551,30.833333333333332,Oisin Mullin
44552,76.66666666666667,Shane Mumford
44553,82.95212765957447,David Mundy
44554,64.0,Jordan Murdoch
44555,40.04545454545455,Brodie Murdoch
44556,49.142857142857146,Brad Murphy
44557,53.51020408163265,Lachlan Murphy
44558,92.03666666666666,Marc Murphy
44559,41.10526315789474,Nathan Murphy
44560,41.375,Ryan Murphy
44561,42.0,Tom Murphy
44562,58.86725663716814,Tom Murphy
44563,40.25,Allan Murray
44564,35.130434782608695,Nick Murray
44565,74.38461538461539,
44566,59.84615384615385,Beau Muston
44567,43.2,Kobe Mutch
44568,49.5,
44569,68.82926829268293,David Myers
44570,73.93396226415095,Tendai Mzungu
44571,52.45,Patrick Naish
44572,67.51282051282051,Robin Nahas
44573,61.766666666666666,Sam Naismith
44574,76.4131455399061,Nic Naitanui
44575,83.24264705882354,Toby Nankervis
44576,61.75,Luke Nankervis
44577,47.86363636363637,Quinton Narkle
44578,61.26027397260274,
44579,64.50980392156863,Jay Nash
44580,52.608695652173914,Ben Nason
44581,61.67479674796748,Aaron Naughton
44582,53.10606060606061,Jake Neade
44583,43.42857142857143,Jay Neagle
44584,68.80392156862744,Alex Neal-Bullen
44585,95.21544715447155,Lachie Neale
44586,41.6,Shannon Neale
44587,20.0,
44588,49.63725490196079,Jackson Nelson
44589,84.80392156862744,Jai Newcombe
44590,66.78731343283582,Chris Newman
44591,35.333333333333336,Murray Newman
44592,85.97272727272727,Nic Newman
44593,72.38164251207729,Jack Newnes
44594,58.588235294117645,Ben Newton
44595,59.17857142857143,Michael Newton
44596,36.375,Bill Nicholls
44597,8.0,
44598,73.6,Tom Nicholls
44599,62.9375,Daniel Nicholson
44600,58.25892857142857,Mark Nicoski
44601,34.0,
44602,21.5,
44603,71.40217391304348,John Noble
44604,38.074074074074076,Karl Norman
44605,16.0,
44606,23.0,
44607,49.64705882352941,Ryan Nyhuis
44608,38.15384615384615,Jarrad Oakley-Nicholls
44609,45.0,
44610,50.35294117647059,Jesse OBrien
44611,57.06060606060606,Lochie OBrien
44612,61.07142857142857,Nick OBrien
44613,89.55,Reilly OBrien
44614,51.43478260869565,Tim OBrien
44615,56.84615384615385,Zac OBrien
44616,38.2,Alan Obst
44617,55.53211009174312,Mark OConnor
44618,23.0,
44619,33.083333333333336,James ODonnell
44620,58.13636363636363,Nathan ODriscoll
44621,42.857142857142854,Matthew ODwyer
44622,35.53846153846154,Hewago Oea
44623,48.15909090909091,Setanta OhAilpin
44624,44.833333333333336,Xavier OHalloran
44625,36.55555555555556,Brett OHanlon
44626,56.5,
44627,36.333333333333336,Rhys OKeeffe
44628,17.666666666666668,Sean OKeeffe
44629,20.2,Chris Oliver
44630,103.4320987654321,Clayton Oliver
44631,88.10975609756098,Jaeger OMeara
44632,50.794871794871796,Xavier ONeill
44633,35.0,Jamie OReilly
44634,43.14705882352941,Colin ORiordan
44635,49.904761904761905,Jonathan ORourke
44636,33.0,
44637,57.42261904761905,Michael Osborne
44638,58.77173913043478,Cameron OShea
44640,63.24770642201835,
44641,50.57142857142857,Matthew Owies
44642,68.8,Mitch Owens
44643,66.58823529411765,Adam Oxley
44644,39.0625,Jackson Paine
44645,56.0,
44646,73.04878048780488,Rhys Palmer
44647,63.58181818181818,Marco Paparone
44648,67.75,Tom Papley
44649,86.02,Darcy Parish
44650,69.13223140495867,Brandan Parfitt
44651,91.57597173144876,Luke Parker
44652,53.86666666666667,Matthew Parker
44653,31.25,Luke Parks
44654,46.5,Patrick Parnell
44655,49.17142857142857,James Parsons
44656,44.833333333333336,
44657,34.25,
44658,49.19090909090909,Joel Patfull
44659,55.26865671641791,Ben Paton
44660,39.61538461538461,Liam Patrick
44661,53.22727272727273,Adam Pattison
44662,59.88421052631579,Jonathon Patton
44663,47.92,Jack Payne
44664,65.3135593220339,Brett Peake
44665,42.93457943925234,Alex Pearce
44666,70.15,Clancee Pearce
44667,31.5,Daniel Pearce
44668,75.45348837209302,Danyle Pearce
44669,54.91428571428571,Tayte Pears
44670,48.07692307692308,James Peatling
44671,68.3125,
44672,50.61538461538461,Luke Pedlar
44673,98.68668407310705,Scott Pendlebury
44674,46.708333333333336,Flynn Perez
44675,57.0,
44676,57.983870967741936,Archie Perkins
44677,31.25,
44678,73.80555555555556,Harry Perryman
44679,43.75,
44680,63.8235294117647,
44681,88.5,Christian Petracca
44682,56.28947368421053,Jared Petrenko
44683,63.72727272727273,Sam Petrevski-Seton
44684,72.08433734939759,Drew Petrie
44685,48.43055555555556,Jack Petruccelle
44686,72.16666666666667,Ricky Petterd
44687,65.14159292035399,Kayne Pettifer
44688,45.728155339805824,Michael Pettigrew
44689,45.0,Harry Petty
44690,75.89583333333333,Damien Peverill
44691,51.0,Mattaes Phillipou
44692,52.0,
44693,53.91463414634146,Andrew Phillips
44694,62.266666666666666,Ed Phillips
44695,43.642857142857146,Simon Phillips
44696,81.23478260869565,Tom Phillips
44697,52.59375,Will Phillips
44698,28.0,
44699,74.18181818181819,Liam Picken
44700,30.0,Adam Pickering
44701,40.529411764705884,Jarrod Pickett
44702,55.61176470588235,
44703,49.2,Lewis Pierce
44704,56.743589743589745,Marlion Pickett
44705,6.0,
44707,68.62893081761007,Jasper Pittard
44708,57.355932203389834,Marc Pittonet
44709,41.5,Jayden Pitt
44710,50.66896551724138,Lachie Plowman
44711,43.161764705882355,Henry Playfair
44712,71.28846153846153,James Podsiadly
44713,47.4375,Myles Poholke
44714,54.27927927927928,Graham Polak
44715,77.04054054054055,Jared Polec
44716,56.0990099009901,James Polkinghorne
44717,63.87012987012987,Dean Polo
44718,31.105263157894736,Cameron Polson
44719,68.25384615384615,Jason Porplyzia
44720,34.0,
44721,43.43333333333333,Jayden Post
44722,59.857142857142854,Caleb Poulter
44723,67.83453237410072,Sam Powell-Pepper
44724,16.75,Mark Powell
44725,59.68888888888889,Tom Powell
44726,63.50574712643678,Wil Powell
44727,57.048780487804876,Sam Power
44728,63.403361344537814,Daniel Pratt
44729,52.0,
44730,46.753846153846155,Ian Prendergast
44731,86.48113207547169,Dion Prestia
44732,69.21428571428571,Braydon Preuss
44733,97.57083333333334,
44734,43.68571428571428,Jaxon Prior
44735,79.75409836065573,Brent Prismall
44736,52.0,
44737,50.206896551724135,Albert Proud
44738,63.515306122448976,Paul Puopolo
44739,61.027272727272724,Mike Pyke
44740,63.811764705882354,Isaac Quaynor
44741,47.875,Michael Quinn
44742,64.29411764705883,Josh Rachele
44743,58.17054263565891,Andrew Raines
44744,43.0,Hugo Ralphsmith
44745,65.02608695652174,Dane Rampe
44746,58.1764705882353,Jackson Ramsay
44747,30.5,Max Ramsden
44748,66.885,Alex Rance
44749,59.61764705882353,Izak Rankine
44750,21.0,
44751,45.74666666666667,Esava Ratugolea
44753,56.31858407079646,Cam Rayner
44754,71.73205741626795,Farren Ray
44756,90.66920152091255,Jack Redden
44757,58.6875,Jarrad Redden
44758,72.06796116504854,Mason Redman
44759,59.611111111111114,Jack Redpath
44760,61.36842105263158,Ned Reeves
44761,61.76315789473684,Ben Reid
44762,29.0,
44764,49.342592592592595,
44765,60.353591160220994,Sam Reid
44766,41.5,Zach Reid
44767,70.26600985221675,Brent Reilly
44768,63.95,Kyle Reimers
44769,54.26470588235294,Brent Renouf
44771,34.90909090909091,
44772,32.21052631578947,Joel Reynolds
44773,51.22,Jake Riccardi
44774,52.45454545454545,
44775,22.5,
44776,42.75,
44777,47.97435897435897,Guy Richards
44778,59.34615384615385,Ed Richards
44780,51.6360153256705,Ted Richards
44781,58.833333333333336,Xavier Richards
44782,79.07636363636364,Daniel Rich
44783,75.62352941176471,Jordan Ridley
44784,56.48148148148148,Nick Ries
44785,70.28242074927954,Jack Riewoldt
44786,93.11011904761905,Nick Riewoldt
44787,43.1,Matt Riggio
44788,39.24,Aidan Riley
44789,77.18518518518519,Cyril Rioli
44790,61.31875,Daniel Rioli
44791,36.7037037037037,Maurice Rioli
44792,57.371428571428574,Willie Rioli
44793,73.96296296296296,Michael Rischitelli
44794,54.94329896907217,Jared Rivers
44795,60.922077922077925,
44796,37.3448275862069,Michael Rix
44797,4.0,
44798,26.363636363636363,Tom Roach
44799,67.64341085271317,Dylan Roberton
44800,44.81005586592179,Lewis Roberts-Thomson
44801,50.073170731707314,Deven Robertson
44802,60.917808219178085,Nick Robertson
44803,36.6078431372549,Fletcher Roberts
44804,27.285714285714285,Matt Roberts
44805,28.0,
44806,50.48,Dan Robinson
44807,79.88663967611336,Mitch Robinson
44808,58.027027027027025,David Rodan
44809,101.16346153846153,Tom Rockliff
44810,2.0,
44811,57.68,Jason Roe
44813,50.645833333333336,Gary Rohan
44814,50.65909090909091,Ben Ronke
44815,52.82222222222222,Max Rooke
44816,50.9,
44817,42.973684210526315,Malcolm Rosas
44818,79.16425120772946,Matt Rosa
44819,57.42857142857143,James Rose
44820,53.94444444444444,Ben Ross
44821,58.07936507936508,Jack Ross
44822,30.5,
44823,84.14141414141415,Sebastian Ross
44824,57.101694915254235,Josh Rotham
44825,75.27915194346289,Jarryd Roughead
44826,57.0547263681592,
44827,39.833333333333336,Luke Rounds
44828,72.44086021505376,James Rowbottom
44829,77.19354838709677,Matt Rowell
44830,50.94444444444444,James Rowe
44831,46.53846153846154,Julian Rowe
44832,45.2,Sam Rowe
44833,29.428571428571427,Harry Rowston
44834,79.5,Connor Rozee
44835,27.6,Tim Ruffles
44836,60.18181818181818,Tom Ruggles
44837,41.22222222222222,Trey Ruscoe
44838,41.470588235294116,Sean Rusling
44839,63.752,Jordan Russell
44840,56.342465753424655,Luke Russell
44841,53.50218340611354,Ben Rutten
44842,38.666666666666664,
44843,19.0,
44844,57.80898876404494,Liam Ryan
44845,83.63636363636364,Luke Ryan
44846,43.4,Samson Ryan
44847,73.38434163701068,Paddy Ryder
44848,21.0,
44849,47.696969696969695,Ahmed Saad
44850,67.62146892655367,Adam Saad
44851,76.68553459119497,Christian Salem
44852,71.18181818181819,Steven Salopek
44853,51.42857142857143,Nick Salter
44854,47.294871794871796,Ashley Sampi
44856,77.5940959409594,Aaron Sandilands
44857,88.20186335403727,
44858,47.05,Eddie Sansbury
44859,31.0,
44860,45.81818181818182,Josh Saunders
44861,28.8,
44862,71.56363636363636,Shane Savage
44863,49.16,Josh Schache
44864,46.42857142857143,Henry Schade
44865,67.7560975609756,Matt Scharenberg
44866,65.16279069767442,Byron Schammer
44867,48.84615384615385,Brad Scheer
44868,58.1,Chris Schmidt
44869,49.35294117647059,Tim Schmidt
44870,68.89912280701755,Adam Schneider
44871,59.89473684210526,Harry Schoenberg
44872,54.13333333333333,Josh Schoenfeld
44873,52.99173553719008,Ryan Schoenmakers
44874,42.142857142857146,
44875,45.48453608247423,Will Schofield
44876,39.0,Jordan Schroder
44877,35.57142857142857,Jacob Schuback
44878,62.666666666666664,Lachie Schultz
44879,60.75773195876289,Jay Schulz
44880,26.0,
44881,43.0,
44882,50.18181818181818,
44883,44.333333333333336,Anthony Scott
44884,65.64102564102564,Bailey Scott
44885,67.67469879518072,Jack Scrimshaw
44886,76.77540106951872,Tom Scully
44887,54.875,Mark Seaby
44888,74.77272727272727,
44889,42.84090909090909,James Sellar
44891,71.2192513368984,Adam Selwood
44892,95.57464788732395,Joel Selwood
44893,80.72781065088758,Scott Selwood
44894,59.78666666666667,Troy Selwood
44895,89.0375,Caleb Serong
44896,32.6,Jai Serong
44897,68.76119402985074,Will Setterfield
44898,80.32,Brad Sewell
44899,52.08433734939759,Alex Sexton
44900,27.0,
44901,44.83870967741935,Cooper Sharman
44902,33.5,Harry Sharp
44903,51.91304347826087,Jeremy Sharp
44904,61.52884615384615,Matt Shaw
44905,83.87384615384616,Heath Shaw
44906,48.916666666666664,Sam Shaw
44907,18.333333333333332,
44908,41.0,Ciaran Sheehan
44909,78.89808917197452,Dom Sheed
44910,97.34782608695652,Harry Sheezel
44911,47.81395348837209,Sam Sheldon
44912,51.666666666666664,Angus Sheldrick
44913,53.083333333333336,Cameron Shenton
44914,66.24074074074075,Brad Sheppard
44915,59.48192771084337,Tom Sheridan
44916,42.75,Jackson Sheringham
44917,70.09420289855072,Justin Sherman
44918,83.64575645756457,Liam Shiels
44919,85.85781990521328,
44920,17.0,Nick Shipley
44921,61.425925925925924,Lachlan Sholl
44922,36.0,Matthew Shir
44923,78.57516339869281,Jayden Short
44924,90.26209677419355,Luke Shuey
44925,60.0,
44926,82.93283582089552,James Sicily
44927,93.36893203883496,Steele Sidebottom
44928,48.138888888888886,Andrew Siegert
44929,35.714285714285715,
44930,59.07142857142857,Brayden Sier
44931,54.516666666666666,Alex Silvagni
44932,60.29565217391304,Jack Silvagni
44933,45.0,
44934,59.31707317073171,Jonathan Simpkin
44935,74.7910447761194,Jy Simpkin
44936,45.58064516129032,Tom Simpkin
44938,58.5625,Dawson Simpson
44939,16.5,
44940,55.0,Josh Simpson
44941,85.63450292397661,Kade Simpson
44942,46.88,Sam Simpson
44943,51.61904761904762,Ben Sinclair
44944,71.91525423728814,Callum Sinclair
44945,76.7939393939394,Jack Sinclair
44946,23.75,Josh Sinn
44947,52.17857142857143,Arryn Siposs
44948,42.6,Sam Skinner
44949,31.625,Zephaniah Skinner
44950,44.05,
44951,58.07272727272727,Hayden Skipworth
44952,36.470588235294116,Will Slade
44953,48.072916666666664,Henry Slattery
44954,57.0,
44955,90.37254901960785,Rory Sloane
44956,48.61702127659574,Billie Smedts
44957,47.666666666666664,
44958,44.3125,Archie Smith
44959,59.422222222222224,Ashley Smith
44960,82.28155339805825,Bailey Smith
44961,74.74898785425101,Brodie Smith
44962,66.03636363636363,Clay Smith
44963,26.142857142857142,
44964,79.58241758241758,Devon Smith
44965,37.61904761904762,Dylan Smith
44966,87.46071428571429,Isaac Smith
44967,16.0,
44968,56.666666666666664,Jesse Smith
44969,60.914027149321264,Joel Smith
44970,75.8529411764706,Josh Smith
44971,51.81818181818182,Josh Smith
44972,28.0,
44973,58.41232227488152,Nick Smith
44974,8.25,Nick Smith
44975,43.297872340425535,Roarke Smith
44976,48.5,Tanner Smith
44977,58.0,Tim Smith
44978,68.01612903225806,Zac Smith
44979,60.280701754385966,Ivan Soldo
44980,62.0,Will Snelling
44981,63.432432432432435,
44982,55.6,Tyler Sonsie
44983,18.333333333333332,
44984,52.17857142857143,Matthew Spangher
44985,52.05154639175258,Charlie Spargo
44986,56.067567567567565,Tom Sparrow
44987,59.21052631578947,Jake Spencer
44988,48.6,Ben Speight
44989,18.0,
44990,49.5,Max Spencer
44991,30.916666666666668,Phoenix Spicer
44992,44.08,Trent Sporn
44993,42.705882352941174,Zach Sproule
44994,71.59166666666667,Lee Spurr
44995,47.904761904761905,Brennan Stack
44996,58.94285714285714,Sydney Stack
44997,56.18125,Brent Staker
44998,74.61363636363636,Danny Stanley
44999,17.5,
45000,67.15816326530613,Rhys Stanley
45001,94.14901960784314,Brent Stanton
45002,50.25773195876289,Brandon Starcevich
45003,97.4493670886076,Jack Steele
45004,40.9,Ariel Steinberg
45005,33.15,Jake Stein
45006,58.016666666666666,Tyson Stengle
45007,66.81818181818181,Jaidyn Stephenson
45008,55.733333333333334,Orren Stephenson
45009,37.0,
45010,55.093023255813954,Dylan Stephens
45011,58.36842105263158,
45012,72.21978021978022,
45013,91.28125,Jack Steven
45014,60.645833333333336,Scott Stevens
45015,46.361111111111114,Daniel Stewart
45016,50.34615384615385,James Stewart
45017,51.142857142857146,Kade Stewart
45018,53.851485148514854,Paul Stewart
45019,84.85810810810811,Tom Stewart
45020,71.71,Cheynee Stiller
45021,59.294117647058826,Liam Stocker
45022,32.833333333333336,Ryley Stoddart
45023,41.25,Cameron Stokes
45024,79.18,Mathew Stokes
45025,28.0,Conor Stone
45026,22.55,Nick Stone
45027,62.2,Kieran Strachan
45028,50.886138613861384,Ben Stratton
45029,44.083333333333336,James Strauss
45030,43.217948717948715,Peter Street
45031,64.27659574468085,Billy Stretch
45032,54.38461538461539,Andrew Strijk
45033,63.97883597883598,Jake Stringer
45034,49.94736842105263,Jesse Stringer
45035,54.5,
45036,41.333333333333336,Sam Sturt
45037,58.006410256410255,Nick Suban
45038,77.75842696629213,Matt Suckling
45040,43.0,
45041,43.03125,Liam Sumner
45042,35.64705882352941,Timmy Sumner
45043,20.333333333333332,
45044,54.074380165289256,Jacob Surjan
45045,59.84070796460177,Cam Sutcliffe
45046,86.82142857142857,Andrew Swallow
45047,81.25454545454545,David Swallow
45048,105.36046511627907,Dane Swan
45049,61.09090909090909,Jordon Sweet
45050,37.0,
45051,59.51470588235294,Sam Switkowski
45052,61.3235294117647,Tom Swift
45053,75.675,Brad Symes
45054,74.82208588957056,Colin Sylvia
45055,49.48,Daniel Talia
45056,58.666666666666664,Matthew Taberner
45057,65.99193548387096,Richard Tambling
45058,59.903225806451616,Michael Talia
45059,44.5,Seb Tape
45060,50.854166666666664,Luke Tapscott
45061,97.24817518248175,Tim Taranto
45062,58.80927835051546,Robbie Tarrant
45063,26.25,
45064,57.9264705882353,Curtis Taylor
45065,64.08571428571429,Harry Taylor
45066,44.0,Jeremy Taylor
45067,66.90322580645162,Lewis Taylor
45068,55.193548387096776,Sam Taylor
45069,45.22352941176471,Simon Taylor
45070,49.5,
45071,44.55421686746988,David Teague
45072,57.666666666666664,Brynn Teakle
45073,51.6271186440678,Kane Tenace
45074,42.07142857142857,
45075,9.5,
45076,72.31428571428572,Dean Terlich
45077,53.41304347826087,Riley Thilthorpe
45079,80.78682170542636,Dale Thomas
45081,63.333333333333336,Josh Thomas
45082,58.971698113207545,Lindsay Thomas
45083,66.50980392156863,Matt Thomas
45084,37.625,
45085,65.6231884057971,Tarryn Thomas
45086,43.820754716981135,Rory Thompson
45087,48.75,Luke Thompson
45088,63.6597510373444,Scott Thompson
45089,90.75,Scott Thompson
45090,56.375,Adam Thomson
45091,38.5,
45092,56.613756613756614,Bret Thornton
45093,38.75,
45094,47.61363636363637,Scott Thornton
45095,29.0,Mitch Thorp
45096,43.333333333333336,
45097,36.46153846153846,Josh Thurgood
45098,58.73015873015873,Jackson Thurlow
45099,34.77922077922078,Will Thursfield
45100,52.82727272727273,Toby Thurstans
45101,47.19047619047619,Stephen Tiller
45102,68.42134831460675,Kurt Tippett
45103,29.77777777777778,Joel Tippett
45104,29.0,
45105,63.19209039548023,
45106,52.855345911949684,Alan Toovey
45107,56.86486486486486,Jimmy Toumpas
45108,58.87719298245614,Dean Towers
45109,47.88709677419355,Jacob Townsend
45110,35.38461538461539,Josh Toy
45111,46.69444444444444,Josh Treacy
45112,99.92207792207792,Adam Treloar
45113,58.25268817204301,Jackson Trengove
45114,78.50561797752809,Jack Trengove
45115,32.5,Zane Trew
45116,77.0,James Trezise
45117,30.428571428571427,David Trotter
45118,64.25,Elijah Tsatas
45119,25.2,James Tsitas
45120,61.41269841269841,Darcy Tucker
45121,88.48554913294798,Shane Tuck
45122,65.05,Travis Tuck
45123,31.4,James Tunstill
45124,36.2,Simon Tunbridge
45125,68.10740740740741,Zach Tuohy
45126,40.333333333333336,Daniel Turner
45127,51.184615384615384,Kayne Turner
45128,60.225,Jason Tutt
45129,48.0,
45130,32.5,
45131,81.06194690265487,Dom Tyson
45132,51.84444444444444,Jamarra Ugle-Hagan
45133,38.0,Gerald Ugle
45134,21.75,
45135,20.333333333333332,
45136,45.0,
45137,34.5,Callum Urch
45138,59.609756097560975,Gavin Urquhart
45139,75.2,Shane Valenti
45140,30.666666666666668,Bodhi Uwland
45141,59.05882352941177,Aaron Vandenberg
45142,45.65909090909091,Laitham Vandermeer
45143,54.96103896103896,Nathan Vardy
45144,60.15217391304348,Travis Varcoe
45145,44.23809523809524,Daniel Venables
45146,51.391304347826086,Patrick Veszpremi
45147,47.23809523809524,Ed Vickers-Willis
45148,58.352,Ty Vickery
45149,82.26637554585153,Bernie Vince
45150,87.45918367346938,Jack Viney
45151,39.666666666666664,Dante Visentini
45152,70.97156398104265,Nick Vlastuin
45153,36.411764705882355,Luke Vogels
45155,54.142857142857146,Corey Wagner
45156,59.92857142857143,Josh Wagner
45157,74.09016393442623,Jarrad Waite
45158,69.35643564356435,Andrew Walker
45159,46.44444444444444,Brandon Walker
45160,52.589928057553955,Josh Walker
45161,70.35,Taylor Walker
45162,32.107142857142854,Tristen Walker
45163,49.0,Will Walker
45164,71.11728395061728,Mitch Wallis
45165,23.333333333333332,
45166,23.0,
45167,96.60606060606061,Sam Walsh
45168,27.0,
45169,30.4,Tommy Walsh
45170,72.82882882882883,Michael Walters
45172,78.0,Nasiah Wanganeen-Milera
45173,20.0,
45174,17.6,
45175,65.0,George Wardlaw
45176,85.39322033898306,Callan Ward
45177,73.36666666666666,Josh Ward
45178,40.0,
45179,82.86666666666666,Chad Warner
45180,20.666666666666668,Corey Warner
45181,43.40229885057471,Matthew Warnock
45182,62.67045454545455,Robert Warnock
45183,56.241379310344826,Ben Warren
45184,13.0,
45185,32.0,
45186,46.63636363636363,Alec Waterman
45187,59.333333333333336,Jake Waterman
45188,77.44166666666666,Beau Waters
45189,24.857142857142858,Ashley Watson
45190,64.0,
45191,90.39545454545454,Jobe Watson
45193,50.34782608695652,Matthew Watson
45194,19.666666666666668,
45195,47.642857142857146,Tobe Watson
45196,69.16666666666667,Jack Watts
45197,44.0,Jeromey Webberley
45198,47.666666666666664,
45199,50.96969696969697,Luke Webster
45200,61.26,Jimmy Webster
45201,64.47058823529412,Josh Weddle
45202,10.0,
45203,20.0,
45204,50.285714285714285,Jacob Wehr
45205,52.69491525423729,Cody Weightman
45206,45.77333333333333,Sam Weideman
45207,60.106918238993714,Jacob Weitering
45208,72.81617647058823,Lachie Weller
45209,65.36585365853658,Maverick Weller
45210,39.09090909090909,
45211,70.64327485380117,Sharrod Wellingham
45212,76.62015503875969,Daniel Wells
45213,68.53086419753086,Andrew Welsh
45214,79.08571428571429,Justin Westhoff
45215,25.25,
45216,47.166666666666664,Matthew Westhoff
45217,50.67857142857143,Connor West
45218,46.67567567567568,Rhylee West
45219,59.22857142857143,Trent West
45220,50.95238095238095,Mark Whiley
45221,69.86486486486487,Brendan Whitecross
45222,49.81818181818182,Brandon White
45223,57.70909090909091,Damon White
45224,56.16535433070866,Jesse White
45225,55.5,
45226,59.07843137254902,Matt White
45227,52.5,Mitch White
45228,52.10344827586207,Simon White
45229,38.5,
45230,90.81818181818181,Lachie Whitfield
45231,28.0,
45232,6.0,
45233,47.36206896551724,Simon Wiggins
45234,51.42,Sam Wicks
45235,36.05555555555556,Cameron Wight
45236,65.70642201834862,Callum Wilkie
45237,42.15384615384615,Joel Wilkinson
45238,46.45454545454545,Tom Williamson
45239,64.95275590551181,Bailey Williams
45240,61.83673469387755,Bailey Williams
45241,57.04545454545455,Dylan Williams
45242,33.81818181818182,Jack Williams
45243,23.0,
45244,57.0,
45245,55.54782608695652,Mark Williams
45246,61.265625,Marley Williams
45247,23.5,
45248,45.98823529411764,Tom Williams
45249,75.25735294117646,Zac Williams
45250,43.0,
45251,37.2,Mackenzie Willis
45252,38.333333333333336,
45253,51.0,
45254,68.91304347826087,Rupert Wills
45255,61.0,Darcy Wilmot
45256,61.333333333333336,Blayne Wilson
45257,62.42857142857143,Callum Wilson
45259,59.66451612903226,Nathan Wilson
45260,55.0,
45261,34.375,Tom Wilson
45262,48.67567567567568,Troy Wilson
45263,70.0,Jason Winderlich
45264,33.0,Isiah Winder
45266,55.2972972972973,Marcus Windhager
45267,76.45412844036697,Chad Wingard
45268,91.54385964912281,Ollie Wines
45269,33.0,
45270,82.07766990291262,Alex Witherden
45271,84.27272727272727,Jarrod Witts
45272,38.5,Taj Woewodin
45273,60.903225806451616,Austin Wonaeamirri
45274,45.416666666666664,Boyd Woodcock
45275,50.40677966101695,Dion Woods
45276,40.5,
45277,55.37234042553192,Easton Wood
45278,59.89772727272727,Cameron Wood
45279,67.64102564102564,Mason Wood
45280,37.5,Karl Worner
45281,79.77450980392157,James Worpel
45282,54.411764705882355,Josh Worrell
45283,72.84276729559748,Matthew Wright
45284,44.2,Nathan Wright
45285,65.6890756302521,Peter Wright
45286,62.411764705882355,Sam Wright
45287,48.333333333333336,
45288,43.7,Daniel Wulf
45289,54.03030303030303,Tristan Xerri
45290,26.0,
45291,65.24369747899159,
45292,60.0,
45293,81.39583333333333,Elliot Yeo
45294,55.89,Aaron Young
45295,73.16058394160584,Clinton Young
45296,82.29824561403508,Hayden Young
45297,53.0,Lewis Young
45298,53.723404255319146,Lachie Young
45299,37.0,
45300,52.666666666666664,
45301,53.785714285714285,Tom Young
45302,36.89473684210526,Tylar Young
45303,31.5,
45304,82.67699115044248,David Zaharakis
45305,47.745098039215684,Brandon Zerk-Thatcher
45306,83.52142857142857,Jack Ziebell
45307,93.508,Dayne Zorko
45308,58.26262626262626,Cameron Zurhaar
45309,78.3013698630137,Nathan Brown
45311,52.54545454545455,Winston Abraham
45312,48.092592592592595,Damien Adkins
45313,53.37931034482759,Brendon Ah Chee
45314,49.82905982905983,Callum Ah Chee
45315,41.37313432835821,Robert AhMat
45316,77.96923076923076,Jason Akermanis
45317,58.733695652173914,Steven Alessio
45319,63.732919254658384,Matthew Allan
45320,49.75,Brett Allison
45321,52.847457627118644,Mark Alvey
45322,23.85185185185185,
45323,55.861736334405144,Glenn Archer
45324,55.017857142857146,Simon Arnott
45325,67.98113207547169,Marcus Ashcroft
45326,32.333333333333336,Brett Backwell
45327,57.083743842364534,Steven Baker
45328,24.2,Marcus Baldwin
45329,60.10880829015544,Jason Ball
45330,67.58666666666667,Daniel Bandy
45331,56.58490566037736,Drew Banfield
45332,52.482142857142854,John Barker
45333,64.07843137254902,Kris Barlow
45334,52.019867549668874,Paul Barnard
45335,67.16831683168317,John Barnes
45336,53.24050632911393,Leo Barry
45337,30.234567901234566,Trent Bartlett
45338,53.34285714285714,Nathan Bassett
45339,38.03333333333333,Scott Bassett
45340,66.55367231638418,Chance Bateman
45341,37.52173913043478,Ben Beams
45342,63.4804469273743,Simon Beaumont
45343,46.972972972972975,Caydn Beetham
45344,47.704918032786885,James Begley
45345,37.18421052631579,Bryan Beinke
45346,85.1958041958042,Peter Bell
45347,33.916666666666664,Laurie Bellotti
45348,30.875,Gerrard Bennett
45349,39.69230769230769,Peter Berbakov
45350,53.89411764705882,Rupert Betheras
45351,51.144067796610166,Luke Beveridge
45352,68.8655462184874,Darren Bewick
45353,71.32720588235294,
45354,41.96153846153846,Craig Biddiscombe
45355,50.28358208955224,Rhett Biglands
45356,41.95333333333333,Matthew Bishop
45357,55.171779141104295,Clint Bizzell
45358,72.296875,Heath Black
45359,85.20496894409938,Simon Black
45360,58.045662100456624,Jason Blake
45361,56.200557103064064,John Blakey
45363,60.682432432432435,Justin Blumfield
45364,35.458333333333336,Ashley Blurton
45365,58.23148148148148,Matthew Bode
45366,56.120603015075375,Craig Bolton
45367,76.03384615384616,Jude Bolton
45368,46.00806451612903,Mark Bolton
45369,46.785714285714285,Andrew Bomford
45370,50.717791411042946,Chris Bond
45372,50.97802197802198,Shane Bond
45373,48.138297872340424,Troy Bond
45374,65.47826086956522,Brad Bootsma
45375,34.7093023255814,David Bourke
45376,11.5,Tony Bourke
45377,86.84150943396226,Joel Bowden
45378,54.45454545454545,Glen Bowyer
45379,73.29411764705883,Brad Boyd
45380,81.57866666666666,Craig Bradley
45381,61.316017316017316,Daniel Bradshaw
45382,68.74561403508773,Michael Braun
45383,57.304,Shayne Breuer
45384,69.98091603053435,
45385,69.0,Fraser Brown
45386,70.27165354330708,Gavin Brown
45387,77.58203125,Jonathan Brown
45388,50.59756097560975,Leigh Brown
45389,52.75,Tony Brown
45390,79.53846153846153,Cameron Bruce
45391,97.32142857142857,Nathan Buckley
45392,75.14583333333333,Peter Burgoyne
45393,79.24458204334366,Nathan Burke
45394,49.70779220779221,Ronnie Burns
45395,75.66666666666667,Scott Burns
45396,72.91525423728814,Brett Burton
45397,57.82312925170068,Matthew Burton
45398,34.708333333333336,James Byrne
45400,70.18548387096774,Craig Callaghan
45401,63.16015625,Leon Cameron
45402,37.54545454545455,Brad Campbell
45403,83.94612794612794,Wayne Campbell
45404,76.35317460317461,Scott Camporeale
45405,41.504672897196265,Mathew Capuano
45406,69.5187165775401,Blake Caracella
45407,46.0,Stefan Carey
45408,84.63602941176471,Wayne Carey
45409,73.23671497584542,Josh Carr
45410,66.14197530864197,Matthew Carr
45411,21.4,Tom Carr
45412,31.974358974358974,Trent Carroll
45413,47.78417266187051,Peter Caven
45414,61.80722891566265,Mark Chaffey
45415,27.32,
45416,47.68181818181818,Callum Chambers
45417,57.16393442622951,Richard Champion
45418,43.111111111111114,Brett Chandler
45419,37.19736842105263,Nathan Chapman
45420,87.56428571428572,Paul Chapman
45421,40.96078431372549,Wade Chapman
45422,56.57936507936508,Daniel Chick
45423,57.7037037037037,Scott Chisholm
45424,55.64900662251656,Ang Christou
45425,57.2970297029703,David Clarke
45426,48.14728682170543,Matthew Clarke
45427,42.0,Nathan Clarke
45428,50.18803418803419,Shane Clayton
45430,58.16086956521739,James Clement
45431,33.09090909090909,Matthew Clucas
45432,38.98076923076923,Stuart Cochrane
45433,58.75,Che Cockatoo-Collins
45434,58.119617224880386,Leigh Colbert
45435,45.575,Michael Collica
45436,35.41860465116279,Matthew Collins
45437,67.15151515151516,Matthew Connell
45438,49.06666666666667,Adam Contessa
45439,36.72093023255814,Brett Cook
45440,39.15584415584416,James Cook
45441,67.43523316062176,Troy Cook
45442,85.7572463768116,Joel Corey
45443,78.27058823529411,Chad Cornes
45444,42.094339622641506,Paul Corrigan
45445,80.13333333333334,Ben Cousins
45446,42.851851851851855,
45447,56.72043010752688,Simon Cox
45448,29.263157894736842,Jaxon Crabb
45449,46.94444444444444,Sam Cranage
45450,85.78360655737706,Shane Crawford
45451,82.10655737704919,Daryn Cresswell
45452,47.6,Jason Cripps
45453,53.752252252252255,Trent Croad
45454,43.064516129032256,Matthew Croft
45455,61.40650406504065,Gavin Crosisca
45456,48.75336322869955,Jared Crouch
45457,61.333333333333336,Scott Crow
45458,34.15909090909091,Andrew Crowell
45459,25.133333333333333,Heath Culpitt
45460,49.390625,Scott Cummings
45461,46.81818181818182,Ben Cunningham
45462,47.62264150943396,Damian Cupido
45463,51.0,Todd Curley
45464,65.59036144578313,Nick Daffy
45465,88.20186335403727,Nick Dal Santo
45466,22.344827586206897,Stephen Daniels
45467,73.570796460177,Luke Darcy
45468,37.25806451612903,Chad Davis
45469,63.75111111111111,Leon Davis
45470,59.767857142857146,Nick Davis
45471,63.18834080717489,Matt de Boer
45472,77.46835443037975,Jordan de Goey
45473,45.19230769230769,Ron De Iulio
45474,47.27906976744186,Sam De Koning
45475,59.916666666666664,Tom De Koning
45476,46.67391304347826,Adrian De Luca
45477,53.21052631578947,
45478,66.68279569892474,Sean Denham
45479,16.2,Matthew Dennis
45480,54.05084745762712,Matthew Dent
45481,58.36893203883495,Stuart Dew
45482,44.611111111111114,Gary Dhurrkay
45483,39.753846153846155,Danny Dickfos
45484,64.61818181818182,Donald Dickie
45485,50.82142857142857,Andrew Dimattina
45486,59.70229007633588,Paul Dimattina
45487,53.566502463054185,Ben Dixon
45488,55.6,Brad Dodd
45489,59.69117647058823,Andrew Donnelly
45490,53.12871287128713,Ben Doolan
45491,18.357142857142858,Paul Dooley
45492,69.18181818181819,Michael Doughty
45494,34.82051282051282,Ian Downsborough
45495,33.06382978723404,Stephen Doyle
45496,33.958333333333336,Marc Dragicevic
45497,43.29953917050691,Andrew Dunkley
45498,68.45848375451264,Nathan Eagleton
45499,47.93103448275862,Simon Eastaugh
45500,48.629629629629626,Andrew Eccles
45501,75.98753894080997,Tyson Edwards
45502,38.56923076923077,Shane Ellen
45503,33.91489361702128,Tim Elliott
45504,43.5,Craig Ellis
45505,76.08,Andrew Embley
45506,44.5,Brett Evans
45508,76.87628865979381,
45509,56.28112449799197,Jeff Farmer
45510,24.428571428571427,Simon Feast
45511,67.4055944055944,Matthew Febey
45512,60.1937984496124,Steven Febey
45513,69.26470588235294,Brendan Fevola
45514,44.24285714285714,Brendon Fewster
45515,33.05263157894737,Nigel Fiegert
45516,56.096385542168676,Peter Filandia
45517,24.9,Tim Finocchiaro
45518,50.142857142857146,Aaron Fiora
45519,43.092592592592595,Ben Fixter
45520,79.11255411255411,Adrian Fletcher
45521,78.92178770949721,Chad Fletcher
45522,58.53,Dustin Fletcher
45523,49.98888888888889,Simon Fletcher
45525,59.951219512195124,Nic Fosdike
45526,26.294117647058822,Daniel Foster
45527,42.304761904761904,Anthony Franchina
45528,58.69724770642202,Fabian Francis
45529,68.57692307692308,Josh Francou
45530,74.59633027522936,Josh Fraser
45531,49.91818181818182,Mark Fraser
45532,49.53623188405797,Glenn Freeborn
45533,51.125,Scott Freeborn
45534,47.526315789473685,Barnaby French
45535,27.736842105263158,Brad Fuller
45536,27.475,Ross Funcke
45537,65.69672131147541,Brendon Gale
45538,55.48809523809524,Mark Gale
45539,32.18181818181818,
45540,66.05524861878453,Michael Gardiner
45541,23.857142857142858,Michael Gardiner
45542,57.613259668508285,Simon Garlick
45543,43.89473684210526,Darren Gaspar
45544,62.76923076923077,Fraser Gehrig
45545,42.492592592592594,Darren Glass
45546,44.05555555555556,Luke Godden
45547,51.647619047619045,Simon Godfrey
45548,81.09677419354838,Adam Goodes
45549,79.21454545454546,Simon Goodwin
45550,57.714285714285715,Andrew Gowers
45551,56.342465753424655,Ben Graham
45552,60.41975308641975,Mark Graham
45553,71.3782991202346,Chris Grant
45554,75.55813953488372,Shannon Grant
45555,74.35433070866142,Brad Green
45556,49.25806451612903,Kasey Green
45558,41.91111111111111,Brent Grgic
45559,53.0,Antoni Grover
45561,62.26274509803922,Brent Guerra
45562,60.386740331491715,Mitch Hahn
45563,71.0,Barry Hall
45565,63.921052631578945,Derek Hall
45566,45.7979797979798,Ray Hall
45567,66.73684210526316,Aaron Hamill
45568,48.82051282051282,Greg Harding
45569,59.18840579710145,Damien Hardwick
45570,66.08641975308642,
45571,43.78048780487805,Daniel Hargraves
45572,49.666666666666664,Tom Harley
45573,54.857142857142854,Ben Harrison
45574,53.69774919614148,Ben Hart
45575,65.36263736263736,Shaun Hart
45576,82.76157407407408,Brent Harvey
45577,86.1070496083551,Robert Harvey
45578,29.1,Mark Harwood
45579,80.99038461538461,Paul Hasleby
45580,48.308510638297875,Jon Hassall
45581,43.42675159235669,Jonathan Hay
45582,88.6902356902357,Lenny Hayes
45583,42.76923076923077,Ben Haynes
45584,49.4,David Haynes
45585,70.03614457831326,Des Headland
45586,65.9551282051282,Brett Heady
45587,35.71052631578947,Daniel Healy
45588,55.61904761904762,Jason Heatley
45589,55.194117647058825,Chris Heffernan
45590,30.43103448275862,Aaron Henneman
45591,60.584,Adam Heuskes
45592,32.3125,Evan Hewitt
45593,64.25,Adrian Hickmott
45594,53.30769230769231,Rory Hilton
45595,85.65612648221344,James Hird
45596,77.36131386861314,Garry Hocking
45597,46.46820809248555,Matthew Hogg
45598,51.60732984293194,Ben Holland
45599,65.64516129032258,Brodie Holland
45600,71.32402234636872,Nick Holland
45601,14.285714285714286,
45602,43.0353982300885,Paul Hopgood
45603,50.17948717948718,Trent Hotton
45604,54.12765957446808,Adam Houlihan
45605,65.02985074626865,Ryan Houlihan
45606,41.05128205128205,Max Hudghton
45607,62.79183673469388,Paul Hudson
45608,52.27272727272727,Darren Hulme
45610,58.317880794701985,Adam Hunter
45611,48.51,Kingsley Hunter
45613,36.17088607594937,Anthony Ingerson
45614,60.27777777777778,Danny Jacobs
45615,35.25,Craig Jacotine
45616,64.89492753623189,Glen Jakovich
45617,38.611111111111114,Aaron James
45618,48.90677966101695,Brett James
45619,34.05555555555556,Heath James
45620,64.73469387755102,Roger James
45621,54.36601307189542,Rod Jameson
45622,78.50434782608696,Darren Jarman
45623,67.00425531914894,Ben Johnson
45624,86.28571428571429,Brad Johnson
45625,50.84285714285714,Brett Johnson
45626,80.3586956521739,Jason Johnson
45627,73.40454545454546,Kane Johnson
45628,65.80288461538461,Mark Johnson
45629,71.56459330143541,Travis Johnstone
45630,43.23170731707317,Anthony Jones
45631,61.65929203539823,Austinn Jones
45632,58.107594936708864,
45633,46.44604316546763,Clark Keating
45634,65.02906976744185,Andrew Kellaway
45635,58.42777777777778,Duncan Kellaway
45636,76.82051282051282,Paul Kelly
45637,74.49794238683127,Dean Kemp
45638,51.1025641025641,Jay Kennedy Harris
45639,59.69060773480663,Dale Kickett
45640,61.534246575342465,Glenn Kilpatrick
45641,53.30337078651685,Clinton King
45642,67.88333333333334,Steven King
45643,64.47058823529412,Adam Kingsley
45644,56.848,Kent Kingsley
45645,37.92,Ben Kinnear
45646,76.0954356846473,Brett Kirk
45647,73.30465949820788,Matthew Knights
45648,40.06666666666667,Trent Knobel
45649,51.69767441860465,Brett Knowles
45650,57.40112994350282,Steven Kolyniuk
45651,46.19101123595506,Steven Koops
45652,51.83458646616541,Kym Koster
45653,55.04761904761905,Paul Koulouriotis
45654,76.03237410071942,Anthony Koutoufides
45655,40.48571428571429,Darren Kowal
45656,42.06470588235294,Steven Kretiuk
45657,50.2027027027027,Brendan Krummel
45658,67.83760683760684,Brendon Lade
45659,34.470588235294116,Judd Lalich
45660,20.952380952380953,Chris Lamb
45661,70.27853881278538,Craig Lambert
45662,53.16393442622951,Tyson Lane
45663,30.642857142857142,
45664,69.10756972111554,Matthew Lappin
45665,81.5663082437276,Nigel Lappin
45666,55.6,Steven Lawrence
45667,72.34444444444445,Angelo Lekkas
45668,69.43150684931507,Andrew Leoncelli
45669,55.18942731277533,Justin Leppitsch
45670,68.07906976744187,Chris Lewis
45671,73.44505494505495,Dale Lewis
45672,72.42756183745583,Tony Liberatore
45673,78.640625,Paul Licuria
45674,82.85365853658537,Cameron Ling
45675,64.68103448275862,Matthew Liptak
45676,39.27272727272727,Brad Lloyd
45677,79.52592592592593,Matthew Lloyd
45678,37.111111111111114,Damien Lock
45679,76.17081850533808,Tony Lockett
45680,38.2,Bowen Lockwood
45681,76.77973568281938,Tarkyn Lockyer
45682,81.69781931464175,Stewart Loewe
45683,66.15789473684211,Michael Long
45684,60.45,John Longmire
45685,61.985611510791365,Justin Longmuir
45686,45.13253012048193,Troy Longmuir
45687,53.986666666666665,Aaron Lord
45690,74.34645669291339,Glenn Lovett
45691,37.73529411764706,Daniel Lowther
45692,75.73703703703704,Scott Lucas
45693,57.696774193548386,Troy Luff
45694,64.25,
45695,56.908496732026144,Alastair Lynch
45696,47.95161290322581,Paul Lynch
45697,57.09722222222222,Tristan Lynch
45698,73.49115044247787,Garry Lyon
45699,25.8,Christin Macri
45700,38.8,Paul Maher
45701,51.649484536082475,Josh Mahoney
45702,79.40298507462687,Chris Mainwaring
45703,57.73381294964029,Troy Makepeace
45704,56.44827586206897,Peter Mann
45705,55.136170212765954,Michael Mansfield
45706,41.02808988764045,Glenn Manton
45707,35.0,Ben Marsh
45708,39.37931034482759,Michael Martin
45709,38.04333333333334,Mick Martyn
45710,50.152671755725194,Kris Massie
45711,75.75098814229248,Peter Matera
45712,54.23463687150838,Phillip Matera
45713,62.65151515151515,Ben Mathews
45714,57.930795847750865,Stuart Maxfield
45715,25.0,Daniel McAlister
45716,53.072463768115945,Luke McCabe
45717,43.23626373626374,Jason McCartney
45718,51.76635514018692,Alex McDonald
45719,60.23076923076923,Anthony McDonald
45720,44.10989010989011,Beau McDonald
45721,72.45454545454545,James McDonald
45722,58.79203539823009,Tim McGrath
45723,51.796052631578945,Ken McGregor
45724,42.70247933884298,Ashley McIntosh
45725,57.9344262295082,
45726,15.25,Joel McKay
45727,46.54761904761905,Steven McKee
45728,62.47940074906367,Guy McKenna
45729,66.67088607594937,Corey McKernan
45730,46.66279069767442,Martin McKinnon
45731,52.333333333333336,Joe McLaren
45733,74.71470588235294,Andrew McLeod
45734,65.59649122807018,Shaun McManus
45735,63.19921875,Luke McPharlin
45736,51.126126126126124,Daniel McPherson
45737,57.14358974358974,Craig McRae
45738,59.73706896551724,Mark McVeigh
45739,46.67213114754098,Darren Mead
45740,34.79545454545455,Anthony Mellington
45741,55.67088607594937,David Mensch
45742,74.35748792270532,Mark Mercuri
45743,47.75247524752475,Mark Merenda
45744,38.888888888888886,Andrew Merrington
45745,47.37719298245614,Daniel Metropolis
45746,49.604651162790695,Clem Michael
45747,41.403361344537814,Mal Michael
45748,76.48972602739725,Darren Milburn
45749,21.285714285714285,Andrew Mills
45750,74.05084745762711,Joe Misiti
45751,55.72727272727273,Gavin Mitchell
45752,61.054545454545455,Tony Modra
45754,52.662721893491124,Jarrod Molloy
45755,60.72093023255814,Damian Monkhorst
45756,65.02450980392157,
45757,62.98642533936651,Cameron Mooney
45758,48.093023255813954,Jason Mooney
45759,50.795918367346935,Gary Moorcroft
45760,28.333333333333332,Ben Moore
45761,64.7810650887574,Chad Morrison
45762,49.26,Danny Morton
45763,40.796875,Shannon Motlop
45764,58.041666666666664,Brett Moyle
45765,34.22222222222222,Kane Munro
45766,68.04864864864865,Justin Murphy
45767,73.50641025641026,Robert Murphy
45768,41.30434782608695,Derek Murray
45769,59.93167701863354,Chris Naish
45770,59.42156862745098,David Neitz
45771,36.07692307692308,Ben Nelson
45772,30.69090909090909,Alistair Nicholson
45773,59.76,Matthew Nicks
45774,56.439189189189186,Jason Norrish
45775,61.26442307692308,Tim Notting
45776,34.0,Brad Oborne
45777,71.29268292682927,Shane OBree
45778,56.86842105263158,Craig OBrien
45779,32.294117647058826,Chris Obst
45780,42.3448275862069,Ryan OConnor
45781,45.095238095238095,Brett OFarrell
45782,79.43356643356644,Ryan OKeefe
45783,67.34983498349835,Michael OLoughlin
45784,20.11111111111111,Ricky OLoughlin
45785,46.44186046511628,Mark Orchard
45786,42.95890410958904,Stephen OReilly
45787,27.0,
45788,74.46938775510205,Brad Ottens
45789,32.4,Daniel Parker
45790,48.45378151260504,Shane Parker
45792,52.333333333333336,Stephen Patterson
45793,84.35410764872522,Matthew Pavlich
45794,41.295833333333334,Stephen Paxman
45795,51.25316455696203,Brad Pearce
45796,53.94444444444444,Justin Peckett
45797,34.625,Luke Penny
45798,56.87068965517241,Ian Perrie
45799,50.51948051948052,Lance Picioane
45800,39.32,Marcus Picken
45801,71.56451612903226,Liam Pickering
45802,59.48039215686274,Byron Pickett
45803,56.97570850202429,Martin Pike
45804,34.111111111111114,Steven Pitt
45805,49.02290076335878,David Pittman
45806,44.02272727272727,Justin Plapp
45807,55.808510638297875,Jim Plunkett
45808,36.958333333333336,Darryl Poole
45809,44.81818181818182,Mark Porter
45810,46.29545454545455,Jared Poulton
45811,53.833333333333336,Robert Powell
45812,69.92957746478874,Stephen Powell
45813,82.45695364238411,Luke Power
45814,26.11111111111111,Ezra Poyas
45815,49.34375,Ashley Prescott
45816,28.48497854077253,Simon Prestigiacomo
45817,65.96178343949045,Matthew Primus
45818,53.46666666666667,
45819,23.15,Lionel Proctor
45820,45.7,James Rahilly
45821,61.0,Adam Ramanauskas
45822,28.473684210526315,Frankie Raso
45823,79.06274509803922,Brett Ratten
45824,64.92244897959183,Brady Rawlings
45825,58.95945945945946,Jade Rawlings
45826,52.71296296296296,Phillip Read
45827,70.50898203592814,Shaun Rehn
45829,70.32986111111111,Peter Riccardi
45830,78.8173076923077,Mark Ricciuto
45831,54.65384615384615,Dean Rice
45832,50.645390070921984,Mark Richardson
45833,81.23404255319149,Matthew Richardson
45834,65.66355140186916,Guy Rigoni
45835,52.1578947368421,Chad Rintoul
45836,59.51,Dean Rioli
45837,54.23913043478261,Ben Robbins
45838,49.45890410958904,Matthew Robbins
45840,53.40594059405941,Mark Roberts
45841,61.99561403508772,Russell Robertson
45842,38.55421686746988,Jonathon Robran
45843,58.29197080291971,Matthew Robran
45844,61.33471074380165,Anthony Rocca
45845,63.37743190661479,Saverio Rocca
45846,64.2072072072072,Anthony Rock
45847,60.80203045685279,Matthew Rogers
45848,40.770833333333336,John Rombotis
45849,66.59715639810426,
45850,35.38333333333333,Damien Ryan
45851,52.4320987654321,Jason Saddington
45852,77.92592592592592,Paul Salmon
45853,34.96875,Clay Sampson
45854,58.760765550239235,Brenton Sanderson
45855,59.017605633802816,Matthew Scarlett
45856,43.724550898203596,Andrew Schauble
45857,27.22222222222222,Daniel Schell
45859,61.519417475728154,Jarrad Schofield
45860,65.19653179190752,David Schwarz
45861,38.859154929577464,Troy Schwarze
45862,75.45035460992908,Wayne Schwass
45863,81.45522388059702,Heath Scotland
45864,60.595238095238095,Brad Scott
45865,66.73023255813953,Chris Scott
45866,39.79746835443038,Dion Scott
45867,56.440816326530616,Robert Scott
45868,43.0,Marcus Seecamp
45869,56.135,Michael Sexton
45870,46.40601503759399,Brad Seymour
45871,32.617283950617285,Jamie Shanahan
45872,38.88235294117647,Aaron Shattock
45873,68.08016877637131,Rhyce Shaw
45874,46.91428571428571,Andrew Shipp
45875,53.629139072847686,Robert Shirley
45876,64.01169590643275,Brad Sholl
45877,57.91489361702128,Craig Sholl
45878,47.50485436893204,David Sierakowski
45879,53.37820512820513,Stephen Silvagni
45880,66.48223350253807,
45881,79.16013071895425,Adam Simpson
45882,33.166666666666664,Hamish Simpson
45883,68.66666666666667,Jess Sinclair
45884,56.564748201438846,Nigel Smart
45887,69.19,Rohan Smith
45888,32.1764705882353,Craig Smoker
45889,50.411764705882355,Jason Snell
45890,60.67942583732057,Dean Solomon
45891,51.95,Peter Somerville
45892,41.10679611650485,Daniel Southern
45893,27.75,John Spaull
45894,49.55072463768116,David Spriggs
45895,59.294117647058826,Greg Stafford
45896,22.0,Nathan Steinberner
45897,51.5,Carl Steinfort
45898,65.6826923076923,Tyson Stenglein
45899,77.25342465753425,Anthony Stevens
45900,24.0,Danny Stevens
45901,48.87179487179487,John Stevens
45902,50.90983606557377,Mark Stevens
45903,39.131147540983605,Michael Stevens
45904,81.08225108225108,Nick Stevens
45905,39.57575757575758,Nicholas Stone
45906,60.427385892116185,Barry Stoneham
45907,53.05050505050505,Paul Symmons
45908,54.596330275229356,Michael Symons
45909,51.47435897435897,Steven Sziller
45910,50.41104294478528,Rayden Tallis
45911,48.68131868131868,
45912,63.44776119402985,Chris Tarrant
45913,35.333333333333336,Garth Taylor
45914,63.18571428571428,Richard Taylor
45916,51.745098039215684,James Thiessen
45917,65.37556561085972,Andrew Thompson
45918,41.0,Ben Thompson
45919,63.60335195530726,Nathan Thompson
45920,64.3641975308642,Stephen Tingay
45921,67.95212765957447,Greg Tivendale
45922,59.55555555555556,Luke Toia
45923,49.81025641025641,Jason Torney
45924,45.74193548387097,Jason Traianidis
45925,78.09019607843138,Warren Tredrea
45926,65.5,Craig Treleven
45927,29.818181818181817,Brent Tuckey
45928,46.06201550387597,Ryan Turnbull
45929,38.201388888888886,Scott Turner
45930,23.5,Nathan Turvey
45931,39.388888888888886,Andrew Ukovic
45932,44.75,Jay van Berlo
45933,73.45365853658537,Nathan van Berlo
45934,50.9,Jacob van Rooyen
45935,17.2,Murray Vance
45936,58.62068965517241,Richard Vandenberg
45937,52.627737226277375,Peter Vardy
45938,29.5,Royce Vardy
45939,68.3519313304721,Todd Viney
45940,51.294117647058826,Brett Voss
45941,78.9515570934256,Michael Voss
45942,40.96551724137931,
45943,41.57936507936508,Shane Wakelin
45944,56.629139072847686,James Walker
45945,36.24409448818898,Dean Wallis
45946,55.94964028776978,Peter Walsh
45947,35.69565217391305,Ben Walton
45948,65.63333333333334,Gavin Wanganeen
45949,62.99264705882353,Daniel Ward
45950,39.972727272727276,Rowan Warfe
45951,36.43478260869565,James Wasley
45952,53.84905660377358,Clive Waterhouse
45953,57.51063829787234,Shane Watson
45954,37.225806451612904,Shannon Watt
45955,55.00471698113208,Sean Wellman
45956,53.770731707317076,Scott Welsh
45957,85.64814814814815,Scott West
45958,63.1037037037037,Paul Wheatley
45959,57.446666666666665,Matthew Whelan
45960,40.06818181818182,Adam White
45961,56.951492537313435,Darryl White
45962,78.86194029850746,Jeff White
45963,55.71264367816092,Mitchell White
45964,41.26984126984127,Adrian Whitehead
45965,74.5324074074074,Lance Whitnall
45966,12.5,Patrick Wiggins
45967,47.542857142857144,Jason Wild
45968,47.76724137931034,Andrew Williams
45969,39.78431372549019,Luke Williams
45970,73.12745098039215,Paul Williams
45971,51.79054054054054,Andrew Wills
45972,56.53125,Michael Wilson
45973,47.46875,
45974,66.74008810572687,David Wirrpanda
45975,69.66,Shane Woewodin
45976,52.029556650246306,David Wojcinski
45977,51.65625,Josh Wooden
45978,58.90173410404624,Tony Woods
45979,29.166666666666668,Marc Woolnough
45980,60.29957805907173,Scott Wynd
45981,56.41549295774648,Barry Young
45982,58.483050847457626,Matthew Young
45983,73.81918819188192,Adem Yze
45984,47.01298701298701,Ty Zantuck
45985,35.26775956284153,Nathan Brown
45986,58.333333333333336,Chris Johnson
45987,46.79255319148936,Matthew Kennedy
45988,35.476190476190474,Joel Smith
45993,24.75,Jarryd Allen
45995,45.75,Laurence Angwin
45996,23.666666666666668,David Antonowicz
45997,43.0,Daniel Archer
46000,35.333333333333336,Kurt Aylett
46001,41.0,Travis Baird
46002,60.0,Harley Balic
46003,16.0,Jacob Ballard
46005,40.7,Dom Barry
46006,17.0,Dale Baynes
46007,41.833333333333336,Hugh Beasley
46008,41.5,Dominic Bedendo
46009,53.0,Jonathon Beech
46010,39.0,Zach Beeck
46012,43.666666666666664,Aiden Begg
46013,35.0,Scott Bennett
46016,67.0,Aaron Black
46018,19.0,Jarrad Boumann
46019,30.5,Stuart Bown
46022,7.0,Darren Bradshaw
46024,22.0,Hamish Brayshaw
46026,28.916666666666668,Leigh Brockman
46027,14.0,Steven Brosnan
46029,2.5,Nicholas Bruton
46030,40.5,Ben Bucovaz
46032,65.64285714285714,Jaryd Cachia
46033,36.333333333333336,Jackson Callow
46034,49.93859649122807,David Calthorpe
46035,29.75,
46038,38.5,Jason Carter
46040,47.482142857142854,Sean Charles
46041,26.0,Adam Chatfield
46042,10.0,Isaac Chugg
46043,37.6,Justin Cicolella
46044,24.0,Michael Clark
46047,30.2,Oscar Clavarino
46048,32.5,Josh Clayton
46049,47.0,Steve Clifton
46050,69.75,Mitch Clisby
46051,43.5,Scott Clouston
46053,58.714285714285715,Adam Cockie
46054,31.5,Adam Cockshell
46055,29.0,Clayton Collard
46056,22.0,Kieran Collins
46057,43.285714285714285,Leo Connolly
46058,47.0,Rhys Cooyou
46059,47.333333333333336,Tom Couch
46061,46.8,Brayden Crossley
46062,13.0,Justin Crow
46063,22.0,Frazer Dale
46064,55.333333333333336,Lauchlan Dalgleish
46067,22.0,Tom Davidson
46070,33.5,Troy Davis
46072,44.5,Joseph Daye
46074,50.6,Josh Deluca
46075,47.666666666666664,Matthew Dick
46076,42.18181818181818,Hugh Dixon
46079,18.0,Connor Downie
46082,49.0,Kyle Dunkley
46083,31.0,Josh Dyson
46084,33.0,Daniel Dzufer
46085,25.5,Ben Eckermann
46086,40.0,Brett Eddy
46087,41.285714285714285,Craig Ednie
46088,54.0,Jake Edwards
46091,38.0,James Ezard
46092,33.714285714285715,Josh Fahey
46095,-6.0,Jackson Ferguson
46096,53.0,Tom Fields
46097,35.22222222222222,
46098,27.0,Piers Flanagan
46099,36.0,Cameron Fleeton
46100,83.0,Jake Florenca
46101,30.923076923076923,Israel Folau
46102,35.0,Zac Foot
46103,37.0,Alex Forster
46104,62.5,Nathan Freeman
46106,47.5,Joel Garner
46107,39.857142857142854,Alex Georgiou
46108,50.4,Josh Glenn
46109,35.0,Matthew Goodyear
46110,28.0,Will Gould
46112,45.5625,Fergus Greene
46114,51.142857142857146,Sam Grimley
46117,28.0,Brent Hall
46118,10.0,Christopher Hall
46119,0.0,Ken Hall
46121,34.333333333333336,Will Hamill
46123,33.0,Brad Hartman
46126,33.8,Tim Hazell
46127,53.857142857142854,Campbell Heath
46130,20.333333333333332,Louis Herbert
46131,27.666666666666668,Nick Heyne
46132,48.0,Mitchell Hibberd
46133,32.333333333333336,Robert Hicks
46134,24.0,Andrew Hill
46135,20.0,Mark Hilton
46136,36.0,John Hinge
46137,33.0,Jack Hiscox
46138,34.2,Lachlan Hosie
46140,16.0,Brad Howard
46141,68.5,Danny Hughes
46142,9.0,Cameron Hunter
46143,47.142857142857146,Paul Hunter
46144,30.0,Tom Hutchesson
46146,47.666666666666664,Jarrad Irons
46148,44.0,Jarrhan Jacky
46149,27.0,Ben Jarvis
46154,17.0,Will Johnson
46157,58.0,Tom Jok
46158,45.5,Ben Jolley
46159,56.166666666666664,
46160,36.0,Harry Jones
46161,39.5,Jordan Jones
46163,70.66666666666667,Jarrod Kayler-Thomson
46165,38.0,Declan Keilty
46166,28.8,Stephen Kenna
46167,45.5,Pat Kerr
46168,31.444444444444443,David King
46169,35.0,Kayle Kirby
46171,38.0,Matthew Laidlaw
46173,52.0,Tom Lamb
46175,57.666666666666664,Doulton Langlands
46177,22.4,Andrew Lee
46178,71.0,Brendan Lee
46180,22.75,Rex Liddy
46182,29.0,Matthew Little
46183,29.0,Marc Lock
46185,0.0,Alastair Lord
46186,42.5,Kieran Lovell
46187,66.0,Luke Lowden
46189,17.0,Michael Luxford
46190,44.333333333333336,
46191,35.5,Malcolm Lynch
46194,48.5,Rhys Magin
46196,79.5,Adam Marcon
46197,58.0,Marcus Marigliani
46199,28.0,Will Martyn
46201,42.0,Lachlan McAndrew
46202,27.4,Fischer McAsey
46203,35.0,Pat McCarthy
46205,64.83333333333333,Broc McCauley
46206,58.333333333333336,Daniel McConnell
46207,33.75,Damien McCormack
46208,45.0,Jaden McGrath
46209,40.5,Martin McGrath
46210,56.0,Tim McIntyre
46213,43.333333333333336,John Meesen
46214,47.0,Carter Michael
46215,39.8,Sam Michael
46216,59.5,Luke Miles
46217,42.0,Luke Mitchell
46218,16.0,Craig Moller
46221,49.5,
46222,36.25,Irving Mosquito
46223,42.68421052631579,Ricky Mott
46224,58.357142857142854,Declan Mountford
46225,18.666666666666668,James Mulligan
46226,31.0,Luke Mullins
46227,74.38461538461539,Sam Murray
46228,49.5,Kurt Mutimer
46229,20.0,Ryan Neates
46232,8.0,Daniel Nicholls
46233,34.0,Dan Nielson
46234,21.5,Bo Nixon
46235,16.0,Tony Notte
46236,23.0,Bigoa Nyuon
46237,34.125,Danny OBrien
46238,35.0,Michael OBrien
46240,23.0,Ronin OConnor
46242,56.5,Nathan OKeefe
46244,59.46987951807229,Ricky Olarenshaw
46245,33.0,Leigh Osborne
46247,37.666666666666664,Ryan Pagan
46248,56.0,Jesse Palmer
46249,44.833333333333336,Luke Partington
46250,34.25,Martin Pask
46252,57.0,
46253,31.25,Justin Perkins
46254,43.75,Joel Perry
46255,63.8235294117647,Carl Peterson
46256,52.0,Darren Pfeiffer
46258,28.0,Sam Philp
46259,6.0,Brent Piltz
46260,34.0,Callum Porter
46261,52.0,Luke Pratt
46262,52.0,Josh Prudden
46264,21.0,Jay Rantall
46268,29.0,Nic Reid
46269,34.90909090909091,Bryce Retzlaff
46270,52.45454545454545,Bailey Rice
46272,22.5,Adam Richardson
46273,42.75,Cameron Richardson
46274,4.0,Danny Roach
46275,28.0,Relton Roberts
46276,18.0,Steven Rode
46277,2.0,Aaron Rogers
46278,30.5,Michael Ross
46279,27.5,Shannon Rusca
46280,38.666666666666664,Brandon Ryan
46281,19.0,Jakob Ryan
46282,21.0,Leigh Ryswyk
46283,31.0,
46284,28.8,Nathan Saunders
46285,42.142857142857146,Jayden Schofield
46286,26.0,Sam Schulz
46287,43.0,Angus Schumacher
46288,50.18181818181818,Ben Schwarze
46290,27.0,Luke Shackleton
46292,18.333333333333332,Marc Sheather
46293,60.0,Casey Sibosado
46294,35.714285714285715,Will Sierakowski
46295,45.0,Jarrod Silvester
46296,16.5,Dwayne Simpson
46298,57.0,Tyson Slattery
46300,47.666666666666664,Alistair Smith
46301,25.0,Bradley Smith
46302,26.142857142857142,Clem Smith
46303,16.0,Jesse Smith
46304,28.0,Lindsay Smith
46305,18.333333333333332,Llane Spaanderman
46306,18.0,Matthew Spencer
46307,17.5,Ethan Stanley
46309,8.5,Brad Stephens
46310,37.0,Cooper Stephens
46312,58.36842105263158,Lewis Stevenson
46313,54.5,Luke Strnadica
46314,43.0,
46315,37.0,Justin Sweeney
46317,26.25,Elijah Taylor
46318,49.5,Troy Taylor
46319,9.5,Josh Thewlis
46320,37.625,Paul Thomas
46321,38.5,Wade Thompson
46322,38.75,Kristin Thornton
46323,43.333333333333336,Cameron Thurley
46324,29.0,Anton Tohill
46328,48.0,Wayde Twomey
46329,32.5,Josh Tynan
46330,21.75,Keren Ugle
46331,20.333333333333332,Kirk Ugle
46333,45.0,Dylan van Unen
46335,23.333333333333332,Brad Walsh
46336,23.0,Darren Walsh
46337,27.0,Tim Walsh
46338,20.0,Derick Wanganeen
46339,17.6,Tex Wanganeen
46340,40.0,Elijah Ware
46341,13.0,Max Warren
46342,32.0,Michael Warren
46343,64.0,Francis Watson
46344,19.666666666666668,Fergus Watts
46345,10.0,
46346,20.0,Isaac Weetra
46347,39.09090909090909,Luke Weller
46349,25.25,Joel Western
46350,19.75,James White
46351,55.5,Marcus White
46352,38.5,Spencer White
46356,28.0,Djaran Whyman
46357,6.0,Cooper Whyte
46358,43.0,Reuben William
46359,23.0,John Williams
46360,57.0,Josh Williams
46361,23.5,Ryan Williams
46362,38.333333333333336,Ryan Willits
46363,51.0,Dallas Willsmore
46366,33.0,Nick Winmar
46367,40.5,Alex Woodward
46368,48.333333333333336,Stephen Wrigley
46369,26.0,Peter Yagmoor
46370,60.0,Shane Yarran
46372,37.0,Robbie Young
46373,52.666666666666664,Ross Young
46374,31.5,Will Young
